colsample_bylevel,colsample_bytree,gamma,learning_rate,max_depth,min_child_weight,n_estimators,reg_alpha,reg_lambda,subsample,loss,iteration
0.058634405251831605,0.5068689191757614,7.391202360090186,0.0010284233210005843,7,5,309,26,1.7709301629879193,0.30873146426206194,1.9305572238662192,22
0.058588155551475535,0.6293230377993942,6.386080215856822,0.0004491348177286154,6,4,215,14,1.922838893135915,0.46517298847000677,1.933580015938811,261
0.058925152851887534,0.5476723090352369,6.562714017307972,0.001450033388024241,6,4,161,14,2.09119174556755,0.30753285589970997,1.9343242976856376,68
0.0508346259372043,0.6407764732315384,6.396609195460894,0.0005224186452154902,6,4,415,14,2.095271010138293,0.42211847695971216,1.935344147003879,146
0.050273992845765836,0.6823834721367938,6.255173683974059,0.0004043184749843577,6,7,367,4,1.2862453305430535,0.4697248264814248,1.93786865278009,88
0.05052595104187505,0.5631599428562641,6.399673295302959,0.02149367259827343,6,3,105,14,1.9453802251591905,0.5148790110950991,1.938972801873958,292
0.05446058623083834,0.660738110247793,6.414149320949493,0.002181800452858603,6,4,485,14,2.1650183430620715,0.40840613057211866,1.9397444633899232,70
0.05010261691831061,0.6914660455511279,4.559682558281195,0.0007043582700868768,7,6,424,23,2.476923573963101,0.49703191226395477,1.9398645402065455,166
0.05354272178359651,0.6610502561456632,6.589265168818671,0.004902878900267412,6,2,277,26,2.346540915242818,0.3486923010347551,1.9399324249704728,159
0.058045705599737825,0.6401219925531961,5.64637629930989,0.01579007354202639,6,4,123,14,2.1020384384955975,0.4268132465035315,1.9432635711821156,147
0.06170715006154081,0.5515487381284494,7.796620106215222,0.002773233599363026,6,4,488,14,2.3907246694068665,0.2732738621360482,1.943850285663014,67
0.05105985193403387,0.6615781063217241,6.34309923111352,0.005042486895041012,8,8,305,14,1.1512873863734803,0.47364109918477637,1.9467534624299676,251
0.05029554000184335,0.6521273174473189,6.672484920034735,0.006459416083266846,6,4,367,8,2.100174610342833,0.3664671123017213,1.947406165742245,258
0.09268692632614833,0.5797330701320634,7.736641581742266,0.0001398575851044102,6,4,345,4,1.8707013056437989,0.48667475935908705,1.9497764294752795,266
0.0768559941700382,0.5016616101746701,6.4725321378750404,0.012435234450631142,7,3,208,3,1.2866912938590662,0.4224928743671559,1.9510613059616528,210
0.09207301498460405,0.5625535361099854,7.567645637695341,0.005257457633492391,6,4,124,21,2.3058210093095353,0.4412558955842115,1.9523794934184329,152
0.09342614495394234,0.5701132094403278,3.945278789127848,0.0003442684538720427,7,2,261,25,1.0361792274654429,0.33965597077063714,1.9541576307732007,243
0.0685624382965015,0.7030739925888891,5.550728378566128,0.010517583829197772,6,4,108,14,2.180756942788946,0.3940917382193341,1.9542405722389755,260
0.05911346293158823,0.6690767305561496,7.063545867986479,0.006581894498432533,10,4,427,24,1.69960648501993,0.5980960504117809,1.9554552807559835,298
0.09982313802976708,0.6387097040094925,7.259087396294654,0.0007392143373490364,6,0,244,6,1.6729614848109522,0.5440774366069853,1.9557798737977323,154
0.05146416504814183,0.5670644676590089,7.991241517686251,0.05201829187493772,6,7,129,22,1.360877909171094,0.44071030605204736,1.9570529683411848,271
0.10698104650112204,0.6098658654438007,6.303431420108034,0.0001826144960128038,6,4,130,14,1.6961425827766132,0.5207104146657059,1.957189022153178,264
0.10129290953922618,0.5466585360117832,7.259042843754013,0.0010337194642798808,8,5,206,18,0.6026190751579736,0.3584614673395253,1.957906232102088,30
0.12436107406715563,0.6341091718612193,7.54680888300716,0.0006279959168300037,6,8,344,17,1.9234912389197,0.46753226097208395,1.9580399647387,276
0.0630380780080487,0.5016884697963644,7.693956658475002,0.03991774325140134,6,4,145,14,2.6835033791990903,0.3145789814745497,1.958221741678377,69
0.07509172210662715,0.536547689324031,8.985771375898997,0.022948700858653415,10,3,161,14,1.7105082443363062,0.49979803702889675,1.958367864547478,238
0.10852036818105236,0.526476818321214,8.549579362772166,0.01476349895274423,6,4,125,14,2.991926016707505,0.2722206309605458,1.9602393602743,51
0.07706530780083755,0.5167651837531192,6.530152734639776,0.05317509614506365,6,7,139,21,0.07564898875649817,0.25046940440049825,1.9608499897415428,185
0.08593656272849512,0.6015326705020769,8.473952740077058,0.013379795393105853,7,7,127,17,1.4402299961510057,0.38825335446721027,1.9610110453191172,232
0.05096382171500605,0.629819002243612,7.703221748741116,0.009835864462518957,10,7,455,3,1.5612080405207094,0.6397522170052135,1.9623708056846247,286
0.05805369253092919,0.5956326972351267,6.0055192636453585,0.02454417349017952,6,4,388,14,1.5621183218691173,0.4618821417466365,1.962752606339908,263
0.16438797657388554,0.6009442808797922,7.964145087365657,0.0002970598104251787,6,5,457,18,2.6663429948356816,0.2828671946673881,1.9636040654327995,175
0.1958797885459336,0.516142945792103,1.4130098012799719,0.000822797565796507,7,5,242,27,1.6588033855861402,0.3650220181334067,1.9639611404585664,23
0.05001161572269554,0.7191197971506864,7.0064367719198195,0.019679701136215127,6,4,485,14,2.3649620010859174,0.4359630997309246,1.964072405505712,259
0.0973069949783611,0.7457790305603832,7.368710346337332,0.0010355137645898008,7,8,325,1,1.6181514865407705,0.2918637057267764,1.9643904234891247,291
0.051614018895223185,0.6695556822440677,7.063387691144742,0.03395994326447534,6,4,383,14,1.6042098104138298,0.5033025531161788,1.9648120096657824,150
0.05878352217912981,0.5753241009876041,4.521112259327813,0.026120122813685663,8,6,352,4,1.9139058126471455,0.4501291360391244,1.965630344593524,207
0.07432476102723165,0.6489725666810224,8.643856267196826,0.017891337818275795,6,7,135,6,2.421192714830246,0.32017988013342724,1.9656338577267416,300
0.057689124663235905,0.5415863873530783,6.433241598170086,0.023253085886481572,6,0,469,26,1.6763720590628348,0.4782107890793749,1.965765943935888,280
0.08264429476819973,0.650867467950522,6.412273218472205,0.008314248331162323,6,4,415,14,2.005602643189682,0.48573323305411803,1.966268399509366,148
0.08174906669789411,0.67254727180174,7.365786522557174,0.010855621792175226,6,4,314,0,1.491219600598307,0.44965318967994944,1.966503710017591,268
0.1328517490260066,0.5202356624150993,8.838591785474314,0.0004578854376401764,9,4,111,4,2.6378631323862765,0.2505944873046226,1.967467138987656,295
0.08470737275601847,0.5729616978698093,5.2713833391711855,0.018303352853098965,6,4,299,25,1.7531993176687035,0.5511922107919038,1.9677057664698163,285
0.06269817644614979,0.5473278126263854,5.064253394404565,0.020248370870830264,10,2,435,11,1.1203503964589792,0.4464040642149288,1.9680170665857464,101
0.19599974905057166,0.5353200897962234,0.9624958220666203,0.00018486067263599217,7,5,144,27,1.3587733849794956,0.32521540577138863,1.968193052949616,25
0.11501871405879592,0.5233797732557093,8.59719958634625,0.015484778079304257,6,4,373,14,2.90884509598682,0.2605727366410081,1.968308478030144,66
0.07013251233343601,0.6893936098774707,6.680652242866689,0.02469602801902226,6,4,251,14,1.7431257329580374,0.3784395217046815,1.9683124597041028,149
0.08762648693464187,0.5000571028321437,6.403861632733068,0.010226553993117818,7,8,378,17,1.8509271057907282,0.6842264007972627,1.9683267456846427,133
0.06242059406872781,0.6544428066566602,7.1045941824970225,0.0374694479672048,10,3,341,14,0.3221293956858462,0.3107650822628631,1.9685875726746465,132
0.06931615205433762,0.570196160948335,6.071022010011087,0.04066159502714643,7,5,379,26,2.7959615368612667,0.41878401612400745,1.968590734970086,112
0.05438586218407721,0.6767172897614768,6.3805741184495615,0.05738574428797241,6,4,346,16,2.2137899504593292,0.4597517192128006,1.9687848331257245,74
0.06741199593608836,0.6654417354061734,0.04474070028058785,0.008762469062895194,9,6,309,8,1.9200300047220744,0.5416846428209146,1.9691610821617316,16
0.07263769111782159,0.5003851339162962,0.10257909463584447,0.03963587302282118,6,3,456,7,1.59441027025148,0.3989790959692276,1.9691739511495587,224
0.050630596663017266,0.6208469357899468,6.942064279500389,0.03610788862792912,8,7,354,14,1.3982407453752037,0.4507370451756825,1.9692049725435563,162
0.09508248430795366,0.6315656585773689,5.733268794799206,0.02989888883542871,6,1,219,26,2.7983359816118627,0.3638997695199476,1.9693061226398767,174
0.06684880321519479,0.6149236197367355,6.542265447838868,0.039113184120691494,6,4,155,13,1.6287295824689763,0.5581851361465527,1.969434211342036,267
0.07253437977541449,0.6956129480069634,5.0174513067812,0.01802443456364827,10,6,177,23,2.258954159838293,0.4046392513891413,1.969577800384832,274
0.07331592860579324,0.7117551474484313,5.401849162858235,0.03026387780677566,8,5,100,0,1.455568042813363,0.31838840681458375,1.969809645049964,122
0.23096184834269937,0.7063772402739235,7.340090626054932,0.00032941936159742286,6,9,218,14,1.8053723818999363,0.4935840218723861,1.9701865187555845,206
0.05053719895614331,0.78607812134601,6.6090878679012715,0.042942396729720944,7,2,390,27,1.9359426417423806,0.39896290459389927,1.9702624197560883,123
0.11920262658956549,0.646717338577076,5.609452783862782,0.013006948653640842,6,4,269,24,1.7452625019794687,0.48483126752029954,1.9703858050001708,189
0.11026077993819783,0.6258605587584952,5.617084510189698,0.001381353996018542,12,5,197,11,1.6987950469267161,0.4385230824597924,1.9704814716241743,128
0.27103985109851353,0.6541258791154364,4.386489581685835,0.0009364550630002336,6,3,309,16,0.6676513536710553,0.5403531645604476,1.9704870931533456,107
0.12558035287757183,0.7267882662572809,8.178821106938788,0.013390208742464311,6,4,176,24,1.8602458616819033,0.45891041576636205,1.9705534195196583,153
0.051396291704633265,0.5426412028778143,6.518989892889308,0.05596745488663654,6,5,371,19,1.7707951185988535,0.2517514575212187,1.97094731183654,114
0.13218414057160652,0.7093719049986053,8.864139558544514,0.0067490697432973906,8,4,157,23,0.5587511053410013,0.3603607618186566,1.9711016268727215,57
0.07614772114899665,0.6311123851773467,6.924195843848376,0.03525322777057275,6,4,215,14,1.9227740323920273,0.5102013335917003,1.9711366858620805,262
0.060259841051450005,0.6224415798673033,6.036195615004961,0.07369021736929746,6,7,319,6,2.0258836064255297,0.35479547790281657,1.971335575588892,219
0.19767409263120955,0.6134048565180891,4.229557057787,0.0056099399809452066,7,2,165,1,1.188564252968573,0.41094993129716834,1.971367099060948,215
0.10085427894139432,0.6465181132819089,6.793423640756377,0.024588570775008024,6,4,172,29,2.0499911779586735,0.4731840196977627,1.971388688696188,269
0.12970764405598906,0.5834876001341877,5.493371226126038,0.015770961714754207,7,1,171,2,2.2142992737532814,0.5270626464095103,1.971693084960941,163
0.0508336878380653,0.6682455035009115,6.612040942826302,0.08160850176492779,12,7,201,16,1.6537898428885331,0.30814826311208526,1.971823575191243,212
0.06296079469495248,0.5222161567033653,6.490531409311407,0.06040113488411086,6,4,487,21,0.7317705979934607,0.5335728890062054,1.972261161794314,250
0.13960143305979086,0.5737710912591869,5.312264044096594,0.02065201471995079,7,4,166,7,2.1650936155717813,0.47774465179811143,1.9723451112613848,156
0.15522094462950814,0.6400269623224691,7.027853816598495,0.005638130989783781,9,4,159,11,2.997168281262983,0.36254613583837075,1.9723771356428403,236
0.09017010188364512,0.739408155425834,6.1603052064563455,0.006881565827580243,7,4,460,2,1.7425042635274839,0.43056130050063013,1.9724774884005056,273
0.3769384342005271,0.6935846214003341,7.160859442737142,0.0008631920432280624,6,7,234,6,1.7747867801412238,0.42747449128020143,1.972605518243696,255
0.06319172381491703,0.6965067343602275,7.340665782764737,0.02284852325028324,7,0,324,12,1.6456385684358685,0.37914154162562824,1.972696127261364,183
0.08268005494694039,0.5865928218731541,6.893022345081992,0.017023810909260743,6,1,494,19,1.7569812168437493,0.47913251568864607,1.972737993465872,218
0.06565117162172993,0.7554685338645695,4.3296892965928855,0.04017830939849082,6,5,209,0,1.9215003487518818,0.30228731812573095,1.973044232264356,157
0.05545393124763144,0.6815105755505321,8.279690422868473,0.0765726009764911,6,7,380,7,1.0940008484267756,0.5060093284252503,1.9731430333399067,191
0.10248532008628464,0.605081098070213,5.6624264146322725,0.013040926799935158,7,4,311,11,1.2295186837695764,0.5288519452353708,1.9735892864349616,279
0.13345751945472217,0.6319474922165264,7.23854596974573,0.0006120291128442737,12,8,410,8,1.3880508630795463,0.377490053896737,1.9739173302296804,223
0.13380915935929777,0.6167872754534688,5.951526761103698,0.01931176138474503,6,4,237,20,2.154229301439111,0.378871341198925,1.9742613580592123,72
0.08921827400751087,0.9554158832722813,8.0468765629263,0.005753412630172958,11,7,117,21,2.0928663744282265,0.7486277038605326,1.9743927752767,115
0.09814921377176172,0.7637169753078362,5.346488713645606,0.00866865723322612,7,6,482,4,1.588189674287026,0.5591221026519224,1.974422937317635,193
0.06541660272810007,0.5819080165743062,7.153974626539763,0.07145964402191478,8,1,339,12,1.4079536161589188,0.381806557374124,1.974537992405754,287
0.11963634592863309,0.6250386820417789,5.776405366340893,0.016675756098752662,6,4,365,7,1.9845394191868644,0.5438168702035333,1.9745401964355236,265
0.1257742309262664,0.8645586886496497,7.780041721324262,0.00018688785644074835,11,1,332,24,0.5017578315142082,0.2962794735462476,1.974826137575022,46
0.0706075038187048,0.6223861628566164,6.041292909650869,0.044405129952601444,6,2,309,11,2.0567785462680543,0.38701888153440783,1.9749485947961056,200
0.15941972514975986,0.6792508324269247,7.475305083912078,0.01347667012706999,8,7,181,1,2.486752972114596,0.26785551487811,1.97514619893182,113
0.05057986422492592,0.587500429095989,6.227018201372323,0.09703145891605205,7,7,361,19,1.2503707512939595,0.38280208949468875,1.9751747385307357,44
0.05487470392414669,0.7784242430643413,7.339050453540828,0.02124315101275614,9,5,326,26,1.648508747889396,0.3241943398336241,1.9751845755461523,21
0.06112460318476318,0.5172145845721021,6.838376494216036,0.25009881068106316,6,4,161,4,0.8247523689954981,0.2805522171560656,1.9752970644200276,124
0.08031238794397341,0.6333454095121657,8.245170710586828,0.035167110247813535,6,4,384,3,2.2894186517348234,0.4038221403660147,1.9754425036688468,73
0.08481155966395068,0.685944333969381,5.357926593881578,0.022036922631183297,12,7,161,4,1.2002957562600545,0.6158374501277946,1.9755365307153263,90
0.061169017045152596,0.5511743828227541,7.438862299526516,0.22036691367121897,6,4,250,29,2.9559770157124348,0.4107672410489014,1.975664921899196,164
0.10397577061273458,0.6025726822485818,3.2611837135478536,0.019630768590115474,6,4,428,26,2.58815339761286,0.3721024647043997,1.9758408677726225,208
0.10129644510898976,0.523646323713752,5.4028360857336315,0.03259247734682012,10,5,227,21,2.328445471174158,0.34453842954512104,1.9758926928569345,216
0.06807911125070877,0.5306691017536198,8.192320728542326,0.18331253725392152,6,5,294,14,2.2540280886450534,0.4653855410666381,1.9762458311916105,230
0.14766542269402586,0.5071399536308195,5.97986449937351,0.02380005702522817,6,0,372,10,2.029386614623206,0.26213300923459665,1.9762932602810728,169
0.18925547101213774,0.7288487883573813,3.772114357737157,0.000310492974096808,11,2,459,19,1.184372225079632,0.4443130886675228,1.9764574309310348,186
0.0724523477660991,0.6432839246662663,6.941007335144994,0.035675780531484985,6,7,413,18,2.194155370005002,0.49216648308805266,1.9765932170860625,281
0.0501902564012106,0.7339471992478862,8.348106195222108,0.08761497954170093,7,6,498,14,1.0887787578435355,0.6079777526254581,1.9766054819157768,221
0.2987877807866262,0.6134040037205639,6.012233575187309,0.00028658350854125845,9,4,391,4,2.2342240974726955,0.5707913620808401,1.976654597015152,139
0.06997909389592712,0.9627274119448272,5.0172930475248325,0.02790829032084829,8,6,179,10,0.7953163032949534,0.5522679036438163,1.9767243869229727,60
0.12436757778013911,0.644909672010642,6.948758341110196,0.02831643191828904,6,4,343,28,1.7151528326030019,0.37255602538871535,1.9767755550183457,77
0.08971006329827924,0.5635143853854349,5.796704233758403,0.04202070575695429,6,5,419,20,2.1740433034501403,0.511257424844898,1.9767818312279,211
0.09760936510244975,0.7048188448361358,4.792098325473916,0.02920278753636481,12,7,119,27,1.1435318404659858,0.2732915663239914,1.977040221907843,158
0.1776820911278995,0.7137673474103153,6.108305846042197,0.03377242837183448,6,9,146,16,2.3449862416293126,0.4202758286920984,1.9770424994312583,288
0.08071174542290607,0.6769909283358758,5.9076103144361785,0.09138370680582977,6,3,182,12,2.4176617236965345,0.2601960603032748,1.977049605181613,252
0.1387397090233915,0.7823962003468536,8.100541410290447,0.0344984675623361,7,7,133,17,1.6917797523250344,0.2593964274137499,1.9770557351960745,204
0.2026892425471277,0.7417222232646692,4.711568908077161,0.006507483587886572,7,7,407,3,0.5066463570372562,0.6268832739665372,1.9771639928118137,177
0.06879023278914347,0.5354314649728836,7.689098929838657,0.09159375478127603,9,5,368,9,2.2710803264762274,0.5533051997302671,1.9771776664382996,170
0.08135332664832565,0.5913876509627463,4.603776678297419,0.05668045536484724,6,3,264,4,2.3030585040992513,0.5729671766669876,1.9771868515564712,277
0.10752674182696313,0.5434676216722579,7.845048284722371,0.045122005371490415,8,5,203,6,1.8021824151996197,0.34493719442262627,1.9771910456217212,184
0.11480067301260566,0.6991606235542404,8.712346846813393,0.05043254735765014,6,4,231,24,0.3907912429808845,0.5282196656827145,1.9771955362873284,222
0.15142280720900558,0.5994590270316971,5.487779301595834,0.01292783020815588,6,4,485,1,2.0067134039833032,0.33213118827135213,1.977198367588055,75
0.07708810727586735,0.6160428316032425,5.50296265377011,0.02723807981870844,11,4,224,5,1.8990319377054714,0.2785180322624534,1.9772212484915035,290
0.1319535762576344,0.7343774629438101,5.049493336194582,0.025026865597103785,6,7,279,10,1.3879546864484653,0.5190816845322074,1.9772257425830893,130
0.20535769540888177,0.7325437729869531,5.6719958435327404,0.031130471299770434,6,5,134,9,1.3135377768968897,0.40190017317453763,1.977252730683643,244
0.28337031028243775,0.5355508612990706,6.656583951431543,0.00908933915600546,6,2,492,29,2.5465418185451307,0.4285307067953415,1.9773257269679425,85
0.05062915322536211,0.5892873985760365,7.141622805254573,0.10734987189821038,11,5,406,23,2.4474209158129665,0.3672357417747737,1.97752607901918,198
0.07710476414880335,0.6606118514876163,6.54434928815377,0.05064033393537858,6,4,385,14,2.067029857522005,0.4410731954686439,1.9776742924147528,71
0.16446422781363176,0.8715479979429097,7.832224408275377,0.012690297255284295,6,0,355,26,2.5675565604436112,0.5398960140779037,1.977732795320084,294
0.11331785497165639,0.5008649608724677,6.748387319099896,0.047721125784168886,7,5,359,20,1.2765271879968902,0.3375986048549818,1.9778247520131027,284
0.05040857582347448,0.5696326901601617,4.349241409462156,0.299473713489955,7,1,295,21,2.608313226352345,0.3923304637992351,1.9778714336847596,78
0.07860364533002134,0.7385294809080587,6.747145385457117,0.04829937057434221,6,7,429,9,2.240128483143207,0.6385852562091894,1.977939127504148,103
0.08758861305216713,0.637975630637051,7.461045075753134,0.027635435971316173,11,0,313,19,1.8540374471575267,0.4920947730985217,1.978336572598064,254
0.13580829823633725,0.5082213135613018,5.485416851208804,0.03471418553796271,7,9,276,4,0.43912625302544694,0.29021518761097725,1.9784204649095576,106
0.09434865267500007,0.8420071743691934,4.898078542590568,0.006323145124674448,11,9,491,5,2.411477874003203,0.34554839953565486,1.9784512823942328,79
0.07751824112433423,0.6098067413124508,5.813738126048094,0.051467027469515265,6,3,421,8,1.4711828592872473,0.35668209108261234,1.9785632436977916,155
0.08029900264484566,0.7121898109128298,8.432290989335725,0.04810161602756721,10,2,216,17,1.5384683913160448,0.3367849410297259,1.978667839829758,171
0.0956347837076272,0.5775786015700561,6.769165687973834,0.1428631733620382,7,0,102,0,1.8721177338686867,0.7011654061439982,1.978687611837747,226
0.14770810241302645,0.5347428791678275,5.181556698592129,0.05478087585234151,7,7,228,13,2.266352176559728,0.33597064715434805,1.978724735657827,199
0.14685755412096016,0.6576728358179211,4.33760177165011,0.005110470411429618,12,4,405,9,1.840846302287154,0.303706209557148,1.9787612202304248,282
0.15312659331264486,0.8183425618393441,6.4621827557610905,0.024104627236382906,9,1,104,10,2.7561675650081305,0.47241625615057586,1.9790751778648972,4
0.11467750377410549,0.7149386701132923,6.93863689876532,0.010145527383005148,9,7,397,15,1.2159709566768213,0.6134286597876532,1.979138315393348,100
0.0571804289830159,0.7262879128823004,5.4142702566370895,0.042118201752644635,8,1,333,10,2.138068260141259,0.4997086479094339,1.9792202950704787,275
0.08562555148251139,0.6325312537727165,8.829858944823652,0.03809536321376651,9,9,447,29,1.86629084343961,0.40588986215323725,1.97926844747366,192
0.053106959102330376,0.879986263119916,5.675176975559168,0.035890227625597494,8,5,430,18,0.24352096370402176,0.48347069051143426,1.9793238370303503,35
0.10854403441868851,0.6264055649322692,6.12645842326158,0.059434712478993554,6,4,273,19,1.958298331660599,0.4188503345047113,1.9793972353646208,151
0.2058749153768463,0.6041547483118099,6.553779767864883,0.06309374246661875,6,5,118,11,1.179874885406618,0.5274136474300742,1.979645376731642,59
0.08894868442074264,0.5778708764751205,6.687599522527319,0.08758722360429347,6,3,349,28,1.9092457438840829,0.5751604056491054,1.979684720205124,181
0.11931202359136889,0.5088948575886476,4.5632265716410325,0.15339934831922905,6,8,241,29,1.5795870774739742,0.29622028820359164,1.979987277626398,120
0.10450297078334495,0.5489858376712003,7.432008092067665,0.08589239728166223,8,9,291,18,0.6431635111261429,0.276045783347274,1.9801945946397077,31
0.2561391216870677,0.509597719620773,8.183602381230212,0.047856330366553027,6,4,180,26,0.8329445476210731,0.45528955179612407,1.980223701747298,256
0.26468990958968286,0.5001034641442025,8.541143547317501,0.051383387065778816,8,5,103,12,1.4883516238942187,0.2765261522964786,1.9803876317294704,42
0.121988831429173,0.5597219176732433,0.7397742453655813,0.016823057353991786,11,4,322,14,1.4721878346182076,0.45911425608644657,1.9804131850531037,176
0.41120915212964704,0.5805615946155326,7.6055139851205285,0.031990523664706484,6,3,168,2,1.7036848227159387,0.7047127679925331,1.9805615577565685,98
0.13835889298888393,0.7699704659441857,6.410602890899527,0.01071618865172323,12,8,192,11,1.7163308375814146,0.5870128428641193,1.980644334384132,168
0.1672956272506621,0.736864694317799,7.4466927727567525,0.06765074352565276,6,7,149,12,1.870574483653418,0.41936220337341523,1.9809185409348844,76
0.09116812718806742,0.7729218243327585,8.989189667524355,0.04384171288406958,8,2,258,20,0.7737043554647314,0.3463584961427516,1.98106359122326,33
0.09622849539623095,0.7024924528097466,5.785342099341357,0.0765909875690793,6,8,255,6,2.715419906157191,0.30739830587519623,1.9811335228444855,80
0.11226790322282754,0.6837157854820843,7.191002348440306,0.031153428438995365,9,9,320,14,2.4601800732868293,0.5899346052526679,1.9812206362334743,272
0.08808451603899185,0.6065798445422923,7.53014535835049,0.11700249476530875,7,7,245,23,1.8394020215976399,0.37814488218294795,1.981303180995492,26
0.24460245179594553,0.6079735490961746,6.131729268743327,0.03694924627928761,6,5,256,15,2.3062173486808457,0.2892081919864774,1.981608944354804,239
0.1689603744563501,0.747215327271243,8.978434650582129,0.018865126144052172,10,4,195,22,0.8452024713438512,0.5363204997435524,1.982075164429954,194
0.09041927058174884,0.6878617381951058,5.852885107772005,0.05354469406678334,7,7,398,21,2.0608905757589353,0.3304160755212058,1.9821819883170613,296
0.19561646385078515,0.5022378610366691,8.85633147746088,0.05933793363726418,7,5,233,11,0.9401018503288876,0.31462173351395745,1.982204889878596,27
0.14379861091636253,0.6471736555625724,3.701915595861816,0.0471145973262886,7,5,303,13,1.8094214209646067,0.31834159781070187,1.982499532581549,54
0.07409609242657879,0.5962575949818667,6.784025449130926,0.044055174981458264,9,4,409,4,2.428120965375447,0.3979853824334705,1.9825023679323004,160
0.14449148406147327,0.6345896750496318,4.151732531257031,0.0786023553246262,6,9,262,6,1.0097417886208895,0.4316795065318811,1.982537364688635,117
0.14970497000894603,0.6240803506712485,5.1207546738368865,0.0385256438534076,6,2,458,8,1.0936987825779223,0.3954983994871918,1.9826307039612536,297
0.1244826750660262,0.6745400311486174,8.351317216149873,0.04331929644419107,6,6,446,28,1.4966111871550098,0.4560364945455441,1.9827077675196203,289
0.09585754181613033,0.5302751050197196,5.910096620572287,0.06377600378405848,9,2,414,14,2.006333570965559,0.3567951876811416,1.9827650522637013,283
0.1016074702207822,0.7620880126428989,6.831176762296476,0.010790913501705433,12,7,493,1,1.629820636631571,0.32646018037893915,1.9828571483046509,246
0.22519302852442308,0.531470670588749,4.93104058719289,0.04656808997737401,6,5,376,26,2.378428762315804,0.4698016575439368,1.9829014224318555,140
0.11440610487158365,0.6467188498551778,5.132874065230183,0.05727216253787785,6,3,471,15,2.125495417784762,0.6038321121639758,1.9830047920613796,167
0.1353197187068834,0.5554925869316207,6.58915398129729,0.02850950037026738,11,5,366,15,2.093697445659174,0.4097992485911774,1.9832155840321597,278
0.13057660493699705,0.6180992486287921,5.243151485406532,0.04415370241049259,10,6,236,5,1.9831362139151676,0.3122911389748055,1.9832807498526293,249
0.16295519797690378,0.5942318988208233,6.62842508324091,0.11036716336903289,8,0,115,26,2.1502289904693037,0.42021178238045837,1.9834005384763047,240
0.1435690910691967,0.5934893436188449,6.171736125679595,0.08618262908741917,6,4,235,22,0.039549106913561505,0.5135549038733036,1.983455125009996,14
0.09383862357678185,0.993614655179791,3.249349847776906,0.0523954928998503,7,4,321,22,0.9342661678223632,0.3324944928195797,1.9835630038422665,126
0.17281995549120582,0.618532152470549,8.988664523989996,0.08339751340299996,7,7,170,27,1.0618579849576928,0.512043637033865,1.9837878043183168,93
0.16135260719657546,0.542285234167529,2.4159934247586996,0.029643383322777113,11,8,268,12,1.7809938036272341,0.3698373238339621,1.9839066031217312,145
0.18684426337335824,0.5651709632831379,1.935858327265487,0.1288344605635529,7,5,126,26,1.462820925069043,0.4051373363970566,1.983925520498678,28
0.17101335705875123,0.7609606817072152,8.363794985617178,0.01648113349448839,12,6,212,8,2.432327597632127,0.5988816848166252,1.984378686300127,118
0.11309673091573944,0.5681256917376273,4.118498153238852,0.12851020158927376,6,0,315,14,2.2048417733431918,0.4681674364412628,1.984471936733184,197
0.11590157720445515,0.6859358647301586,5.418587475042621,0.018378880694533122,11,4,439,4,2.5360638045812536,0.6239558571807498,1.9844756752602373,242
0.10674386039521606,0.5015977918938438,4.089736218352515,0.13653575810829843,11,2,173,16,1.0611895543200693,0.4737152473240718,1.9845476024247184,38
0.12641913753825595,0.810602442432855,2.803219812354957,0.02538307144908512,9,8,436,28,1.8932180207759068,0.3843581073761406,1.984974790927464,109
0.110121486611966,0.5175521038681372,8.316070987598525,0.17875403880784477,7,0,412,15,1.7446958806988382,0.2522363154898725,1.985039841719365,61
0.3918753937435564,0.9785201132886643,1.3444501866171823,0.007292392501863254,9,4,474,15,1.5533426567285347,0.5473336765827458,1.985127089890229,203
0.17617282427412345,0.5012242734725268,7.185617315908948,0.07314879333369974,7,4,271,4,0.9163995719037412,0.4313823380134487,1.985200198814578,173
0.08577691586030167,0.5201154782732762,8.030048242969428,0.09998243637920287,10,5,400,13,1.8248062227555177,0.31904475238664187,1.985265607616406,161
0.2540535424967043,0.5254399218570317,7.926149938659469,0.17351959566911876,7,5,101,17,1.6409066745087344,0.32427276928502335,1.9853086241085536,102
0.1576603749202954,0.6935715053693197,7.716696340849379,0.025274784046089863,11,7,362,26,0.26866815302367203,0.39119343247338306,1.9853150278034408,56
0.35461801298264156,0.8253254811015573,7.85294136997206,0.020352130038110726,12,7,143,20,1.635032855319639,0.25188857140173826,1.9855928740348376,138
0.13965463469931766,0.7764232436311981,7.351653360071614,0.1115273664172863,7,9,147,4,1.2847403537704534,0.675716095613569,1.9856617714435096,89
0.11910310515134123,0.5372266646280879,8.054187638959867,0.057926508091227735,8,5,467,14,2.2289174599754897,0.4814706407468649,1.985699555251912,299
0.30426969186055886,0.5602256106192175,5.716230955248747,0.020914362436383286,12,3,284,28,1.8517393046318176,0.3657412675329961,1.9858868639124445,40
0.12648857222815402,0.5500732796466918,5.033214100182192,0.16650177950299622,11,4,151,22,1.9474169962378285,0.32020532580373845,1.9861081943845635,231
0.4058286143437839,0.5434293242757628,6.19051456752263,0.014042754155580057,12,2,287,24,1.43403398777385,0.41631435264539973,1.9861377798342768,257
0.3061667724763863,0.544996458398096,7.847758410393844,0.06000503889050324,6,0,360,28,1.4953382003972715,0.3302887042850025,1.986438482546588,213
0.1649046275813916,0.7219403192479017,6.828842008544802,0.03243348061904085,12,8,248,18,0.852313542902425,0.44850702196291714,1.9864427811970349,45
0.05711826550646359,0.9341970124311785,5.551451453097165,0.16742286975335513,9,4,337,29,2.7600276793119485,0.5217015338451563,1.986476426300797,9
0.1085393804863371,0.6522966371162505,6.422347490935764,0.21477537423883464,6,2,312,27,2.9182131396275843,0.4354077073773591,1.98652698642188,229
0.1427652090607599,0.5553572545512786,8.545326070921002,0.28852327944970585,7,5,194,20,0.9795271307801424,0.38766298530699844,1.986649253522749,253
0.1939456121065273,0.5869675238003425,6.246571650228893,0.1125994053183005,6,9,286,28,1.310805463048009,0.5113348550028352,1.9867585949058133,144
0.06415608984003336,0.6624614009263484,4.814595471104326,0.2729006181039187,6,5,418,27,1.8005607003962765,0.5051390920961333,1.9868382626146623,270
0.3856422580508535,0.5755800256028886,2.2703380463921783,0.099356515631444,8,2,120,25,0.12007590626989267,0.28605946140576943,1.986845614181474,65
0.3494584444426424,0.5882824967925279,7.100271672641821,0.013158092026826182,10,9,422,9,0.41765839821453815,0.4214388192238494,1.986865662492844,34
0.2602404424926499,0.6098953947955595,6.757368505492546,0.06993287164852345,6,5,309,7,2.5688995924381914,0.6289796691317333,1.986951443497152,47
0.11934832844299367,0.5918381212690689,3.4161375341013382,0.040162179137909655,12,3,478,26,1.414740792991576,0.35263901440380313,1.9869686903667332,82
0.11845893597939688,0.6823898593947285,6.864465109016649,0.06673507716787191,7,6,470,5,1.243096329322267,0.32712128839545346,1.9870949179995288,143
0.06606038307338997,0.7197722443557979,6.814892819124012,0.2022776848448001,6,3,393,0,2.12573901926099,0.397711090806945,1.9871072113544657,196
0.13150683629844118,0.6700326800563434,5.8721143399326685,0.06911773611077411,7,5,415,8,1.260189585525843,0.35564282221457544,1.987136568740883,188
0.33728572813254254,0.8132317273397657,8.564269716731332,0.02808421078437861,12,1,186,26,2.3624813526146173,0.26864785944266556,1.9871574228694155,190
0.27587220938549567,0.6219394634416094,4.731916148242522,0.040442771676864886,7,7,408,15,1.1934543608667036,0.2923431869243155,1.9872303599078076,29
0.14708926528147626,0.7010612874339213,3.474636817262877,0.14738395032404483,6,4,225,10,0.9217744916662182,0.6907392088164706,1.9872960745445276,13
0.12384521709201654,0.6429871013271777,7.046334435291606,0.04982694954186609,11,8,453,9,2.4974268718520025,0.27767429472049426,1.9873345778557905,209
0.4631409644832201,0.5693281184459499,8.915686520749823,0.07321715874834188,6,5,254,16,2.5295217121552005,0.4112699291917753,1.9873784871038385,137
0.10783211951498677,0.6762806491291244,3.9765097895921926,0.0816799112967012,11,9,292,22,1.0363064529609203,0.38846921340151247,1.9874249801902983,165
0.1812898122377853,0.5561423245324184,4.517574785281758,0.12946471839953483,7,3,280,22,0.9788948820643413,0.48729515795116474,1.9874481893708964,58
0.17118734876197095,0.7166068876897527,5.715792431417283,0.0656859965105246,9,5,334,26,2.6921411845383116,0.28462522353104136,1.987583580308811,225
0.05876768214571697,0.7736179621177851,5.165650852731758,0.29808725786846313,12,9,318,23,1.2176042899975787,0.2506957244538819,1.9877150649267183,234
0.1787706189059287,0.6967736896899346,7.762833683923856,0.08367015394771525,9,9,217,23,0.7532069392795093,0.3670810503251225,1.987732577677508,129
0.4980982738246013,0.5168425676965721,1.1637842849536288,0.05575041609138559,7,5,300,27,1.6778226450452152,0.25955421609707835,1.987772650660045,24
0.2387274304244853,0.5385790044738256,4.850346600515617,0.10669770899733225,8,8,238,25,0.6940407870407014,0.2994169344050968,1.987973627328326,36
0.23229395829415306,0.6692107017063735,4.406286014632916,0.029061347697876133,9,3,335,6,0.515614684189682,0.6561979941786815,1.9881124177134395,5
0.1820565403336558,0.756627858677602,6.153179646300141,0.08882151827416042,7,6,382,19,2.1168132365200365,0.2828318606381782,1.9882949129611944,81
0.4883763744826471,0.7023179210753715,4.79907591390487,0.07159095771625583,6,0,222,5,1.1404489611599444,0.4784088699519721,1.9883923334103937,111
0.08045157138513193,0.9246782650068037,5.865011782788473,0.14408328086785482,6,1,480,2,2.5987013511796477,0.38694080865840913,1.9884386483261025,127
0.4360196025941636,0.6309003891512643,8.036819675846973,0.07731497235709256,8,8,160,17,0.16761531522445527,0.4361515002301166,1.9884539543283373,32
0.20681823728768015,0.5937164299692762,3.8658496804231333,0.10495848894754295,10,0,162,24,2.3061993781336776,0.46289249171170166,1.9887207075178863,121
0.2312988548708447,0.5631890664385575,7.003198497618365,0.12506347423028022,6,7,282,0,1.3465424222750788,0.6494546403461277,1.9887897675977455,91
0.3969938015969793,0.5293619193455998,8.731430249237553,0.09409861291616234,7,1,211,7,1.3326459232009518,0.3068077575205892,1.9887951426467607,116
0.18579661546624512,0.8194449757062178,7.826394381580928,0.06864338166063487,6,4,444,3,0.5538774306037206,0.4832898021655863,1.988918239807628,245
0.12822603480338013,0.8191474498986524,2.0051660142854013,0.2845457696384163,6,6,150,0,2.762945185097731,0.5685170157120633,1.9890096435292288,15
0.19370073451856137,0.670282688691193,7.22276406285404,0.06258122232050656,12,0,132,10,2.0026450689840116,0.5929992400451717,1.989218552123608,99
0.2806291137689982,0.7998448026816785,7.444503458203093,0.1537113686614274,8,4,112,25,2.845239596359952,0.567018040010506,1.98925746960294,217
0.2044039713933016,0.8052969054952058,3.623551200790441,0.04542881153587955,9,7,246,4,1.906242952639675,0.5775344316938076,1.9895307530729955,92
0.14311485501063986,0.7511236123539771,7.646574262370276,0.029782683145867322,10,7,440,4,2.103797365321894,0.5829777813656283,1.989642268152206,227
0.3468623927394008,0.5138186543876565,5.917452725988356,0.05529066847248962,7,8,481,10,2.614863148132336,0.5179750407528276,1.989840250990283,237
0.21826538126914313,0.7694923623209204,8.735126791917244,0.2011147211526667,6,6,304,26,1.0063186273659825,0.5263075285068562,1.9902244625506984,95
0.14887490524289115,0.8888370277047775,3.058922596873161,0.21392420534209228,6,5,308,20,1.8142119172334503,0.3727938240080871,1.990289342923229,105
0.4759307613629469,0.5533021627670478,7.544191735524875,0.06252672706080971,8,8,411,27,0.9825234821525441,0.42842193233997167,1.990314883501958,195
0.23985600348278452,0.858540476406729,7.370816219716823,0.161240581870837,6,4,265,9,0.5989000016020536,0.34057521513470196,1.9903333709048068,134
0.49890200525166345,0.8941852636234047,6.262886973950006,0.023990350514927726,11,9,223,5,0.6229867067311086,0.45632759018717073,1.990455806713876,220
0.27221590101376664,0.5902985473895058,2.8301325199704968,0.16955554370396828,6,9,442,25,2.0718899404733704,0.29521234211737,1.9905366166059488,178
0.36675711920896614,0.6644106835240005,8.011144805847263,0.10290967193157173,6,1,353,2,1.8154781635121444,0.26962667444342003,1.9905480403236515,233
0.07057885021265788,0.9928478740485498,5.160317560318708,0.1892992958673891,8,3,253,6,1.099522277518139,0.5817970304703661,1.990593770708873,48
0.3149339340876,0.7081420421966786,7.563232909627557,0.19747127045784285,6,7,259,18,1.525387933541949,0.44535190753526166,1.9905996237846888,241
0.21422757483951826,0.6165249241075522,1.9406347583181756,0.03546090020383916,12,6,310,16,0.7158162404732323,0.5191629572597403,1.9906262183869456,179
0.3275608311682268,0.5101191792586713,5.199531969684051,0.053930697820651435,9,0,328,8,1.7793476092435905,0.40510349290546094,1.9907721859383585,83
0.29429579452402305,0.7995879212989306,5.533871440953303,0.07883915596590096,9,9,257,17,1.569295751353988,0.3335827910409338,1.9907778345878036,62
0.2166793323068567,0.6780206155401153,4.721275226320185,0.11836650918129246,8,4,451,29,0.23624014750041344,0.3010790996016702,1.990887190116284,228
0.36548119377597565,0.7924598614225319,6.249703914395683,0.06500768273390511,8,7,351,20,1.340488772372113,0.4720537965830428,1.9911247382699533,172
0.4311283849026936,0.84367623187502,7.688971253479728,0.09730507677897125,6,5,445,10,2.7507262160094035,0.3171936871017003,1.9911338841746813,202
0.10601056251990001,0.5999580544322326,2.6681046487493902,0.148947477074486,12,5,215,19,2.503282429488991,0.4437088012981212,1.9912995267128155,293
0.07074281751436921,0.7240667309916704,7.9442069828733795,0.25202687760008385,11,1,330,7,1.626621828163144,0.3383422999629532,1.9913078793974133,87
0.2507750591905118,0.5383429817211501,7.150216868651444,0.11519540501191362,12,8,288,18,2.8522642541323306,0.3030648255632938,1.9913158932671355,63
0.09346886764004202,0.9132394275817981,0.4738358372737901,0.14187820717112912,10,5,138,9,1.951095479650465,0.7457703321816682,1.9913365878308165,64
0.4540506027720017,0.5611362819536617,4.436289000234091,0.13548540469136627,6,6,323,13,0.9125165911950235,0.7374880526443621,1.9915928622073715,235
0.2941537939351219,0.5844825357193271,7.279524515310949,0.23460777927757023,7,9,298,16,2.2208909576853064,0.3768015541595089,1.991680702491676,248
0.22406807841606172,0.9474475284809714,3.6130757436496137,0.07907400360666493,9,1,389,28,2.0379176631120113,0.34845308087702515,1.9917966062347487,247
0.48775401986784506,0.758246557123072,8.04818167094411,0.0726905630172864,8,0,307,5,0.00745574282549577,0.2548131549594408,1.9920222640806664,39
0.15707537046633302,0.6413427940564473,4.657799656603346,0.2295103820519534,7,4,483,14,1.5644611419295906,0.2636234504124189,1.9921110750155973,86
0.30743790105428753,0.8571012853291959,5.705551207424085,0.10672444599302677,7,5,392,23,1.5118238048159858,0.5533383476118193,1.9921628199200336,97
0.41354489044416604,0.6067978279860369,4.961591072115056,0.17919316504565908,6,4,464,14,1.4272073302923456,0.3082093220407607,1.9923746336364532,187
0.2416495436366954,0.6114576080029456,5.888163497982933,0.28009421261266676,11,1,109,25,0.769240947761997,0.5001564666167587,1.9924225962446005,104
0.14077587872886338,0.9420731644512659,0.24478741816214944,0.21206667913386099,8,3,148,2,0.374101977816946,0.5079160559651983,1.9924455204804816,17
0.226357638156456,0.7286353472353446,6.346752708505023,0.28878010453835806,9,0,121,13,2.625335695472114,0.44889293466596264,1.992592993353533,20
0.42272508431658046,0.977796753584625,8.127789326600112,0.2217102527097453,6,6,302,8,2.0840689031561466,0.3940692051407407,1.99271992231736,19
0.10234067734199143,0.5524211978929974,7.575352219106004,0.29328358273789434,11,0,477,18,2.0607336665150524,0.5350185736427069,1.9928377965225128,135
0.3561001966816814,0.7878743351875575,8.289650748643274,0.06603863828069365,11,8,367,22,0.8851872803143179,0.4696352311379827,1.993039412544757,96
0.3180503406820497,0.7203862966777204,8.665652081969592,0.1350901274987076,8,1,226,1,1.5292939831684982,0.39520021512728165,1.993062760492126,141
0.33708411846591524,0.7465699811834874,8.16541967804441,0.06067521462129748,11,7,432,13,2.887130220929997,0.3523839637040818,1.9932016863033044,125
0.16408593283293688,0.5720153011388909,3.8564176686712326,0.10240410979122659,10,1,306,10,1.0754445677200923,0.6895679435990226,1.9935573249872724,12
0.26261672436449335,0.656240913880969,5.551301050129955,0.23011585369674964,10,1,283,18,1.3520723501365883,0.2948614760255059,1.993586157320064,205
0.2875561213132993,0.6662539513744938,8.447306169164923,0.24049091301031536,8,6,296,15,2.1627867807834917,0.4937351818670894,1.9936498416808304,131
0.18729758714069836,0.5579200464011435,7.2460481206534215,0.18777637475820264,9,3,402,26,2.013548536746591,0.6643507066897127,1.993681565449636,119
0.3253992259946608,0.798534156247549,5.9999957329715325,0.22787040231362762,7,2,404,29,1.3782288246989733,0.5369470347320858,1.99372422225164,49
0.2129237003899326,0.5789545683052586,2.8160020404417954,0.11684918973000098,10,5,206,0,1.567363444090597,0.5009141120640994,1.9938759698608923,53
0.4416123069353466,0.6022527246316971,5.248079272802213,0.2643598006491356,7,2,367,25,2.7265584658642905,0.45101106883660713,1.9939068067292345,136
0.17270485045280976,0.6319282139797413,6.796736343253543,0.25364073773749596,10,5,156,1,2.363855341982865,0.3479369001055481,1.993968018900497,37
0.15645565711069137,0.6878390846325726,4.87876165128411,0.26081888460704683,9,4,199,12,2.397459374778589,0.6484497389184323,1.9941151812210796,214
0.3827769053856892,0.675465667449572,3.7270676923698454,0.20107736968585346,11,9,131,19,2.183177229531975,0.45505197942665687,1.994244982631423,2
0.10364441647750704,0.8333091198975278,6.187612501559441,0.09394058440286443,10,7,461,13,1.4250245244818087,0.7171610731082314,1.9943354365840336,94
0.4130958960097403,0.906269371555255,4.223657835837168,0.26802788974968905,9,0,190,26,1.9651472304504678,0.42734747028865805,1.9947290399949944,50
0.31747051111612345,0.6853427438313522,0.0005494567740613743,0.06350314475353144,12,0,205,14,2.1018643338640977,0.727738993154964,1.994884958381032,10
0.45068819057675535,0.6249763919577405,3.96712001882132,0.16061314087088976,10,4,249,24,2.3303633693868644,0.4896173167440605,1.995160864584523,84
0.22134652526626142,0.6470776895622317,5.281071091856235,0.19060489037949363,11,1,369,21,2.976523167761874,0.4113316194053108,1.9952530008232925,41
0.08467671209970207,0.6739291741117717,7.0636150816782415,0.14929790100823442,12,6,396,4,2.191112583230885,0.7256815316668837,1.9953733069132995,52
0.37960367763542063,0.5820229948488783,6.28639758795258,0.13671080914800324,10,2,438,12,1.2713318892317176,0.359652202073923,1.995652952746361,110
0.15074489370526842,0.8820199099547505,3.546580238622086,0.12028552724293054,10,7,370,3,2.6417165441316532,0.28873713453284044,1.9956993128900984,142
0.24963325856025967,0.526450420162801,6.15078911641984,0.19172190262187966,10,4,452,5,1.9689750916785338,0.3245632092057438,1.9963332339050384,182
0.07694899511560072,0.8407987767592282,8.470231459806191,0.20736437120236403,12,4,437,8,2.0431173739821418,0.5960552260356344,1.9963371790062456,18
0.11866756407729993,0.6564196531173141,2.4724336395187567,0.17364143443489258,12,6,399,4,2.453490058991254,0.2518151536273716,1.9963446697274003,11
0.23993716367781376,0.8243887548518629,5.351580315781545,0.17782664062413975,11,2,338,24,2.326093136483647,0.5585396792511581,1.9963753095553964,8
0.10208762760177591,0.599060809833026,1.5842671355219542,0.12337445565127148,12,6,463,3,1.5072640709174803,0.5636364755186924,1.9965841032664475,108
0.15592231669613946,0.6587755269824457,7.017330661686101,0.27835860059953454,9,8,499,1,2.541061884289195,0.4173217685722963,1.996663427706427,180
0.46866986602702754,0.7446757419826349,5.957674812787719,0.08966818540309858,9,1,443,2,2.4837904374854776,0.46164065878661015,1.9968224231163685,55
0.38457129656746675,0.931370806570153,4.602612479864332,0.20880981556809441,10,9,230,12,2.497896096944879,0.47735052611068607,1.9968247157665795,1
0.12160348956345089,0.885375694757653,3.1058070752380544,0.1545730097710166,10,8,350,7,2.649945832142586,0.6686941777766421,1.996943444428508,3
0.3697981061823325,0.6902690686670012,3.020329949821022,0.1595456005648038,10,9,357,3,2.259825914131148,0.34249480247466557,1.997786070431323,43
0.18243632266680027,0.5141648630093479,6.294072602979703,0.2440021114304481,12,4,466,2,1.9828167644420895,0.43902597195068027,1.9983329008917357,201
0.34262784578649313,0.7120890362303409,6.453280360438532,0.2711652365447553,11,3,317,7,1.3140875593227697,0.6497767208035865,1.998519184311285,6
0.29064432205451096,0.7295122570754028,3.3532180018493203,0.24017091911387772,11,1,270,2,2.8181092128083147,0.6170140089927841,1.9991374130033133,7
