colsample_bylevel,colsample_bytree,gamma,learning_rate,max_depth,min_child_weight,n_estimators,reg_alpha,reg_lambda,subsample,loss,iteration
0.05915941293280249,0.5396772003839011,5.036103214846245,0.00010516255251279843,7,5,374,2,0.2388993258830624,0.46058729861450615,1.9391269970945937,148
0.05818193624615418,0.5581370786859708,8.857493192485812,0.0005461788653940375,9,7,162,4,0.5682999882661558,0.2601512415192845,1.9419462159941352,274
0.05225450750400699,0.5147518776493,6.462897606462498,0.0005988847027931839,7,0,910,8,1.8127973292690127,0.38976971108967196,1.9436570186005824,155
0.06715535398810879,0.5730570445173011,8.607313159469077,0.00027010756728229065,8,0,670,28,0.2506477807018373,0.28801430242513726,1.9462654201143712,167
0.05659819377322578,0.5563624216609493,8.028018584132536,0.0007314572257422769,7,0,921,4,0.0031137799307588143,0.44474434264054313,1.948592773469724,266
0.05963221587048817,0.5265390607901139,8.281027803235459,0.0007037148038885653,10,0,385,16,1.0503400967086403,0.3684892662802498,1.9501715978615863,248
0.050004573984754455,0.5666599737283756,7.625559659478595,0.011189006542531988,7,0,250,28,1.791386682148815,0.4334827482125628,1.9514674724017815,156
0.05163958787299693,0.5400309814112293,5.0659534996985975,0.014636372425519305,7,1,212,7,0.49224089352812533,0.4979336538250953,1.953667074519482,196
0.05037712330215112,0.5112143304174245,8.385373177753223,0.008622986141628786,11,0,190,28,1.274870316826425,0.4896086907018254,1.9541544150418029,172
0.0815246741884704,0.6919482619180212,4.090044182617377,0.0007497410019641453,7,9,290,28,0.4590933959760838,0.36014124324607666,1.95572667181557,225
0.050739173144633234,0.557719575925572,7.3044778706751465,0.02197575923729323,8,0,135,8,0.06419722097928132,0.3565064774730712,1.9558052681216571,158
0.05212984951230971,0.7838196021850758,0.9834351220410134,0.01226123043033684,7,5,120,28,0.850972174810795,0.7494111132591936,1.956796064665475,22
0.0731565626156643,0.7372597830981396,0.7686047093157105,0.00011998135460584676,7,0,271,15,1.9093825757803813,0.39653414082624083,1.956828418121601,93
0.0745799903150661,0.7995551504594055,1.130488448325731,0.00064983375488048,7,5,897,25,1.6432248886499203,0.7453872592441682,1.9577905662415984,23
0.06464443786469225,0.6480513201903833,3.330311394742776,0.0006592582878420378,7,5,321,2,0.7793845124288266,0.4947546459209434,1.958368562021632,126
0.05001177567284276,0.5915007826013398,8.506478723526625,0.007115763587905733,9,0,439,6,1.5520419593323667,0.35085101900032056,1.958679345065586,262
0.06789609959492755,0.5869853750917537,6.334304652157669,0.05606679008466449,6,7,105,2,2.055477628002505,0.26730869423264264,1.9588346665833511,233
0.05875159366502776,0.6996702892698545,1.9425491629758058,0.01728407451360134,7,4,271,12,1.8825920031166068,0.33802891069770397,1.9597184029992385,142
0.10556310046682234,0.5356671151836249,7.075184366409803,0.0011779337249041336,6,0,734,4,0.30166726116183584,0.4420688571490926,1.960271366005763,270
0.061934844363794074,0.5877491685119075,5.814436788807819,0.0057997130661551636,7,5,812,25,0.4188264675760957,0.4652882637460986,1.960317701512606,154
0.05653793906324757,0.5975328744795898,6.859979712393111,0.017703642393092384,9,7,278,2,0.6143798825728795,0.4822978703281729,1.960397443596732,284
0.052257175829438146,0.5403998770987896,7.651431496530337,0.011732839869756371,8,0,374,8,0.062363127338865385,0.3577291249059858,1.960623927169304,161
0.07435323560826336,0.5429095076298618,7.734605045468058,0.00025848773007994974,10,0,511,19,1.1928405419878105,0.4323708219841015,1.9619004180833104,261
0.09633411540968244,0.5812780145015409,1.001263428587642,0.002244924226617,7,8,387,25,1.1353311919980666,0.6271511279304598,1.9627306833503824,68
0.09009065752425396,0.6158513047717754,0.6172305948874429,0.0017853279665025227,7,8,971,25,1.236033814738756,0.5967299507232041,1.9632939022277252,30
0.05088148937730577,0.7049229338221188,1.265632644817869,0.013680489638029526,6,7,646,26,1.8615843461466604,0.7268327120707262,1.9637045585421768,125
0.09834073425946431,0.7626993922860406,1.284793165487426,0.00044793803855738834,7,5,859,28,1.5501173707072162,0.7373441963449808,1.9646402256338464,24
0.0501887191594486,0.5750375736584189,6.325324036691469,0.06551566106020243,9,7,108,4,0.10092045110468373,0.2968961579869316,1.9650281715911624,278
0.05088784967918307,0.5529568370176537,7.46794887165659,0.008935578319305018,10,0,516,27,1.6097685293660997,0.3718385779143441,1.965156407344752,259
0.08756899132453719,0.6337964116496202,3.395921349679333,0.007348244008163845,7,5,209,2,0.8570934017572311,0.49671016099993426,1.965697302759088,146
0.08849067231272795,0.8672125649330208,0.6699843124085605,0.002228607573668185,7,7,355,6,2.2296000586128226,0.4248188119263527,1.9665899975399503,114
0.1495379466857948,0.5510669927704018,6.7087475510298695,0.0003922937456464355,7,4,479,11,0.9257570575958134,0.47483162797739303,1.9669374555660648,212
0.0684655028905747,0.6026082280115003,8.215872795432132,0.00786075154355444,7,2,369,20,0.5386117719594129,0.4706914112090532,1.968178621484864,295
0.07123689564094622,0.5000012194812977,7.582806736038309,0.025408239746657957,6,1,577,12,2.299510619546594,0.4271073326470231,1.9684426171115053,222
0.07889727318469329,0.5440192933498492,6.546070058960602,0.005677486812469337,7,0,635,16,0.26161432384129535,0.3777049881142239,1.9685876302107028,273
0.09244893404700852,0.6581478906128033,7.14131965418898,0.010002018009750497,7,6,374,27,0.30267443994122867,0.3264454139362695,1.9691385806894952,191
0.058013690229950454,0.511841746006068,8.09913221611266,0.025392205534189936,10,5,351,4,0.4377375885063497,0.3283161169358585,1.9700152584545092,269
0.09687339602675434,0.5860873678804722,6.606146690414714,0.01807345825225753,8,0,198,22,1.7791419875278667,0.31564779563949397,1.9701538506615217,166
0.2268351589237117,0.6535989063649127,2.5784874682578725,0.0070928916836308226,6,5,120,15,0.5356537521999938,0.43022956595411455,1.9705691213435097,59
0.09039532634358846,0.6018602151232968,7.828011634549284,0.013372296053071274,8,2,223,24,0.123539367054887,0.4725520023085248,1.970596426003991,271
0.06015983399827518,0.5656184601334413,7.911602121351962,0.013517257749118172,10,0,640,17,1.2602678633261706,0.41510366050044195,1.97114360127362,258
0.07580005301226353,0.5487298410037288,5.718871149966593,0.006710618772437873,9,7,392,5,0.419249606398429,0.4609955475102042,1.97125386674084,286
0.06010278498530949,0.5138130951902136,8.181106324608873,0.10397829887035638,12,3,112,24,0.833447493268008,0.5886881314331022,1.9713082309319996,228
0.18296242246390473,0.7140574245363174,0.9389771477961244,0.0006136680156892272,7,9,959,19,1.501731634252668,0.5620703488948385,1.971604999540224,76
0.1585296465077706,0.6405575502877374,5.597986212598801,0.003296130928274199,6,5,707,24,2.888808090900106,0.4885458099455834,1.9722318928815687,47
0.07389570842817372,0.7364393038663101,0.7969477820209309,0.029431492669897127,6,0,271,15,2.552129110076222,0.38540580602219715,1.9723630539484096,94
0.07237948361142509,0.5221940920871728,8.418456396236222,0.04351880812978702,7,0,368,4,0.026408827046835004,0.3665617280145712,1.9723931556926173,272
0.11614820617248908,0.6495260922669797,8.74722230551971,0.00013386689382770484,12,8,657,1,0.2495775809415063,0.28812770134404875,1.9725643385560767,288
0.06711015342362904,0.6479798599725026,2.231076873335858,0.04316884118887776,7,5,123,2,0.775527795578692,0.3657977494159834,1.9732950754663536,147
0.05128728300043349,0.5681555508120576,6.248499139824609,0.02206143070155805,7,5,867,2,0.3255809619970299,0.43711433410338135,1.9733303734688132,149
0.06294439761488729,0.6298355679308849,8.138823176473151,0.1227097969079191,7,4,178,23,1.9637072142525303,0.2543040711920461,1.9734528521211565,188
0.10488179346303525,0.8268715226166896,2.1835564630711946,0.0025435750710680483,7,7,909,20,0.44428567046915757,0.7016705351343445,1.97351700134922,72
0.11974328330285638,0.5937945155430688,7.818541052913721,0.0005620679499704905,12,0,947,28,0.6646461625635565,0.2626930410579797,1.97363556929083,170
0.13771662409286392,0.5010539893413777,6.411889770703924,0.004170655553605431,8,2,727,28,0.24926892067828924,0.5083148305369678,1.973676516227784,171
0.10221432180447271,0.5321922469279129,5.714377295923996,0.019104738087676154,7,7,380,18,1.6858719243841669,0.26916348329438533,1.9739265048959205,184
0.18112959962068526,0.5258663177389439,6.512931403770082,0.007060712123014198,7,0,386,4,0.0028689507616281307,0.3451228968179176,1.9743186459566815,229
0.05042939929090755,0.7983547463323105,0.4153031764286301,0.026026761431156023,9,0,606,21,1.9690642248617265,0.6809603981635929,1.9744944004152376,50
0.10153955340532714,0.5720344534541415,5.996140438605674,0.038823623637660835,6,4,295,13,0.9582193695517622,0.37885732637755504,1.974744495723481,200
0.05054810266585995,0.6418562768087828,7.926466563819522,0.037004917732002235,7,7,650,2,0.25021659437184957,0.4586245997156373,1.9748413339058293,220
0.11311659336009884,0.5066430177505868,4.971176225180769,0.014365617537155284,7,5,596,29,0.19061495156584585,0.3781057166249684,1.9748905523901548,150
0.05009636484247528,0.5753410590339376,3.5779259763639573,0.041000312885040344,9,1,366,0,0.5120819564656579,0.5594521564132928,1.9750512580350368,285
0.15549529029915493,0.7093210139967789,3.889949912986281,0.000423443816325996,10,0,527,12,0.5357026215258227,0.38286897733582065,1.9750704664849,257
0.11954329581724452,0.5009773005444067,8.999924342195992,0.03736306075762224,7,0,263,22,0.011037486995409296,0.42213366587664547,1.9757854640631751,268
0.07651757028229017,0.5345893030353848,7.265306520345793,0.08401306747170514,8,0,279,8,0.09416067611498542,0.3295773050466581,1.9758154341820413,165
0.08178180059073961,0.5491589352392376,5.553121011485193,0.03789137051687348,7,3,266,7,0.11703032553459355,0.5480486338369877,1.9759038969014804,153
0.08078266926602058,0.5673634058756238,7.5527541550693105,0.018957458045233924,8,0,441,29,1.8735368600716134,0.45815890234232226,1.9761278201678436,265
0.09179057662815787,0.6124066701849742,0.6932604416466353,0.021125163156558657,7,8,419,16,1.242968454727606,0.5869439546543364,1.976282857861152,66
0.05653959657364331,0.5146883159187072,7.288148324281951,0.02320074521865532,8,0,992,8,2.0640672343735376,0.43229461054874707,1.9762837406113007,159
0.1756450588727821,0.5803881056952187,1.1856422346012516,0.009862846503181748,7,8,296,25,0.778948012752718,0.6266814968995916,1.9763225564151268,69
0.059562288709623795,0.5595830144141001,7.954004234549123,0.022107496591350927,9,3,979,11,0.00036298550954549924,0.4929228474754534,1.976461601155872,292
0.11876675115619167,0.5625062218619261,7.140073994690413,0.036707944242855846,9,5,122,21,1.0045098486238264,0.28498649949492816,1.9767616556340053,237
0.0526769806463446,0.8902067774541458,2.0301151886105973,0.024311604710707174,7,5,535,28,1.2856529396929925,0.28284415542026964,1.976818585361108,26
0.1023007897904382,0.5308849817188726,7.294197690261859,0.02629649874783055,7,0,422,25,0.0709188215384029,0.39446563472329654,1.9769475315520595,263
0.050060929780481454,0.5111820869791476,6.951412136584595,0.05214231931299791,7,2,670,5,1.7142713046907494,0.2962365839433063,1.9769525641471968,207
0.05139058639831353,0.9972749984510093,4.922481188875917,0.013151680893548906,7,9,901,17,0.0004972160692090499,0.2671750712199627,1.9770287418615091,299
0.07787622137700553,0.5014619542541253,6.451529207322076,0.039116941762086244,12,2,607,11,2.1208354318180622,0.2898898819416815,1.9772667694554455,183
0.4800409572423998,0.5005340076745398,4.469422433299146,0.0011434873874898656,8,1,383,14,2.53333192959536,0.4426131464096366,1.9773227717261492,235
0.06741199593608836,0.6654417354061734,0.04474070028058785,0.008762469062895194,9,6,821,8,1.9200300047220744,0.5416846428209146,1.977442125388944,16
0.07170330735843174,0.5444156152197898,7.508652887347164,0.2897114494259186,6,1,250,26,2.1919986295048766,0.5285082755703404,1.9775339532548788,174
0.0812659274186095,0.5819843236048289,7.52894490792435,0.015496391504036398,7,4,774,10,0.13123942878286324,0.5158516942852138,1.977547211737306,289
0.22140770258479067,0.5774031586573156,5.996449742406945,0.00042283144338710923,11,8,418,20,1.8068809537756716,0.4074706929024276,1.9776657230383377,187
0.20443355839227695,0.5611421799835133,6.275435645896897,0.055322469424097576,6,9,109,19,2.4135552286285478,0.3697165579907675,1.9776791234939572,189
0.40919980561787117,0.7123011490643721,4.288386761951525,0.0004480076519352283,8,5,793,16,2.4751012830889314,0.5630331005793763,1.977797241161051,137
0.06634589908018139,0.7239539474543276,1.7587182602430564,0.0431590813415382,7,5,356,17,1.151579168459969,0.7172876028737344,1.9779813036394955,71
0.06751889901506729,0.5835702063083064,8.34597079250906,0.03361157170722583,12,0,444,7,1.0274295597814456,0.48686760372837407,1.9779972619523,264
0.3290731415689926,0.6442389477126895,8.948456086681313,0.0004397571226900019,9,7,968,14,0.1818475274180983,0.4977008704232771,1.97820171596394,281
0.11133716427925178,0.53107299767248,6.373206313657756,0.03161642819538034,8,7,429,21,0.7883677545689203,0.4158890666043591,1.9783079085656845,208
0.10100738393788451,0.5895519552753936,6.117908510734219,0.011424652257550797,9,7,656,4,0.458699940539643,0.30968195735588844,1.978330467936346,280
0.1187987514283742,0.8530837704270293,1.6657567395029131,0.007142544027010777,7,5,796,0,1.7656906228923845,0.6924708720870105,1.9783943131746,124
0.06114070243320248,0.915229435449288,8.876396066996143,0.015370869284367362,9,7,668,28,2.1695939157953346,0.3384590973436358,1.9784048266711156,55
0.2664767447167651,0.5725970859638218,5.911907951210986,0.010592864783504052,7,0,358,10,0.6625785559533584,0.2804812534331295,1.978474907632708,214
0.08026960759728825,0.6296732921220989,5.6937457088765315,0.04446229961383434,6,8,538,28,1.8377790243090288,0.31887885165498303,1.9787732027174096,211
0.0974647136502171,0.5381899592079272,5.249618986263225,0.052280505147529494,7,5,322,24,0.021539950117676565,0.47711134073328604,1.9788053232741347,152
0.08672503922402078,0.6113500824668094,8.165515358809904,0.018403238135317586,10,0,416,28,0.24354289838482945,0.3999210422241702,1.9788478486994092,260
0.10833366572028229,0.5330137312129899,8.534121968568668,0.028676431389382556,8,1,483,18,0.059249290295692925,0.5071548135268311,1.978931245117788,296
0.06340674866609086,0.6179520401721055,8.81171619286862,0.034792231440258795,10,0,804,14,1.4184112171100751,0.2926738313061987,1.9790922376617643,169
0.1916159755499586,0.6268244152370622,6.203767151981911,0.02119726939640167,7,2,250,20,1.568175606813729,0.379211203939593,1.9791555435008037,218
0.05055787535706227,0.7729252823189089,0.9492973099437751,0.055305258548910906,7,8,819,9,1.6643047254271832,0.7442469200406373,1.979304669391453,70
0.10778031482681258,0.9476800282314419,1.4040352922694654,0.010928411335092838,7,5,536,19,2.052581056132497,0.5053440563582206,1.9794578844635204,112
0.09705267281764879,0.6772582395987398,0.4865573890423419,0.011071528545141119,7,8,969,24,0.9160300102665878,0.6992044125956575,1.979713563970336,82
0.06535114842241364,0.8805247106766132,1.7212719292124692,0.026279734223125514,10,5,409,17,1.367238718072274,0.32634101610686894,1.979835497376356,109
0.47033157013164617,0.547473629864893,8.577664612126496,0.001129705631715066,9,0,684,21,2.3298934853769815,0.385228681185026,1.9799918108606949,181
0.1684209718251249,0.507935405278966,4.64115699130758,0.004694067662995633,10,9,872,20,1.0862993769903984,0.2906798579494362,1.9801169551482445,254
0.06224134190100943,0.542559682010473,8.63280681245117,0.15857141717988463,10,5,349,16,0.6498848017409509,0.2519125200137749,1.9801496960172975,251
0.12829472410854886,0.5530436417089923,8.984558391218375,0.027164536430648055,8,0,302,4,1.6458994354143075,0.4106689004765416,1.9802488186553455,164
0.4512850626452271,0.5490449481350342,6.640884867653057,0.011871934382657979,7,0,277,0,2.009437112525692,0.35291829458576474,1.9803475456331816,240
0.2146643777658358,0.6182727765058639,5.23707221142841,0.005675459033538761,8,0,735,23,0.7104625152885058,0.5446889927709683,1.980425542312532,219
0.06898056978626485,0.5172321932106736,8.987978452722457,0.07007825933837986,8,9,898,13,0.8197135856245281,0.27840711836196624,1.980444286278991,290
0.1384268315558041,0.6397349053698989,4.7052117522089,0.006445826061432386,8,6,966,0,2.7675248110391677,0.5237492189763757,1.980510354825756,202
0.11714642734229083,0.5228799083453811,2.8312711993017867,0.016407902892989955,8,6,641,28,1.4014680208854022,0.6575645319636529,1.980602475501104,77
0.24803716788686017,0.630559170541616,0.08666328324899453,0.016969693651849527,9,0,174,16,2.3932853599459882,0.42794207813283536,1.9806759031805272,107
0.09604416728847615,0.5518951881269715,5.825667052439848,0.11891074465297573,8,2,163,28,2.1268835056534066,0.40371619510047085,1.9809032118876195,230
0.11200993817006923,0.6796313043604663,7.797038485669342,0.014194827824947093,9,0,581,7,2.624857968546061,0.2502286615694923,1.9809064898173536,226
0.19715693679082244,0.6251740614838205,2.357042578018525,0.030042441382850234,7,3,199,6,2.1818076521749057,0.7161004956602581,1.9809491136444173,80
0.11222168581272321,0.6637152219207557,8.83600914998205,0.019066475778350776,9,7,389,4,0.00043262872333388325,0.5411504283765647,1.9812328206659175,275
0.08725991217566562,0.6331440855323585,5.421498053858092,0.02854224308683375,9,7,524,4,0.36331703659431325,0.25926802532549137,1.9813761948459503,276
0.11242157907230069,0.5198044781341599,6.764934806195613,0.08979646789638368,10,4,195,16,0.8716020770515194,0.30685454449327404,1.981574193306738,253
0.0948315445505757,0.7820421792630183,7.689075700937745,0.0458783840636027,8,1,276,26,0.13250111522709052,0.26301198774197915,1.9817804906014227,54
0.08655372328202969,0.6856000611393936,6.457269968570984,0.04571309836500986,6,7,732,4,0.2910595722847684,0.5769040935194445,1.9818963800664584,294
0.10701136314171061,0.5021898100908826,6.915029332980267,0.05651692628269261,8,0,334,8,0.48102613267153976,0.4176642794809848,1.981924261380852,162
0.06744761087976278,0.6191066072038176,5.605782736888174,0.04639873780590157,7,2,513,6,0.002890029101423136,0.47851149509950663,1.982076085257929,194
0.11096361870677876,0.6605732634042376,3.568807455409191,0.0355557179101662,7,0,445,25,0.569244345535279,0.7413598093518494,1.982227932225028,134
0.1242421996158565,0.9362518501743218,6.853426656073408,0.02090673544145591,7,3,427,0,0.5282793046739362,0.7087978636307926,1.9824903120227115,90
0.1319384127888708,0.5112520967771039,4.9740269820438465,0.06376766352171277,8,0,214,17,2.9218697822021102,0.4488816372597826,1.982515250796392,190
0.16604254695429138,0.5759600537647185,8.729900319704974,0.018754605510016654,7,5,719,13,1.3345220670961742,0.4722638488886582,1.9825324333627208,231
0.1309801974070507,0.5590362401992379,4.807128160776341,0.024631323961438988,9,7,417,8,0.6862788689386594,0.526459249989419,1.982952495213364,283
0.0724271313104714,0.786344663854621,0.325855143632379,0.08357269264899664,12,6,142,22,1.4346488823914934,0.5123120027946465,1.9830562495794228,120
0.0503238212884348,0.5923125038715804,8.990804556985445,0.23116024013667585,7,3,498,10,1.6803906692931114,0.3221029200429788,1.9832926537164468,242
0.14746337972474385,0.61515028996531,4.026272356389924,0.05432293885163987,7,6,303,21,0.7575869951369522,0.34457509726078916,1.9833081046587349,291
0.05288413309688311,0.8886842408014983,1.6574765898879753,0.039052051321503446,8,7,723,21,1.0767904748602266,0.437239580178228,1.9834531494593264,34
0.08221747605008942,0.7758790015493342,5.794387959399141,0.024723080780450313,7,5,763,3,0.6301489666839971,0.3013314348166735,1.9835418745330304,131
0.16180762300739285,0.5625078137116499,8.061244595419454,0.023348661568451085,12,0,218,26,2.011933461155579,0.5064687324903748,1.9836824768633208,206
0.1328047432514028,0.5256101196547276,6.64019252275871,0.031855552406409283,7,5,711,19,0.21893911873988636,0.4564832946033967,1.983791572934778,151
0.14354731755447933,0.6406020532040565,5.294201366623977,0.02237173608051972,8,0,546,11,0.3037001847430635,0.5099196055854562,1.9842213331613352,246
0.08242142741011674,0.6771379863310812,8.983673894699116,0.09985153811379843,9,0,239,12,0.5849729811893033,0.44172502986110995,1.984363787985343,193
0.27340845764194655,0.7638389810856767,3.9596584411567592,0.029146761968773593,7,8,286,27,2.6756751869282347,0.42147458641998203,1.9844104960036963,141
0.08081692531158198,0.8481086883017586,0.5372130290717565,0.07895591462691681,7,2,347,18,1.8463298661657828,0.5208514480358326,1.9846725452243823,65
0.1245497683700012,0.6110576260340287,8.027458030613525,0.058775817253131704,9,7,222,4,0.21474657060687063,0.2776585859597649,1.9846899463868304,279
0.07939094909752124,0.7536079664651398,1.9372954197724925,0.05977745976343316,7,2,868,27,1.716733567130938,0.361378113157804,1.9847108255370132,111
0.08616709839889666,0.5219937318370954,6.953218980196866,0.1776283335158643,7,5,269,9,0.3928091507534256,0.4220592750295088,1.9849163999147967,244
0.13539356868579078,0.5787246148676202,5.060814576556217,0.041897866907172704,10,6,385,23,0.3619789086911309,0.3625910316022992,1.9849571178167809,255
0.09372546454674509,0.9793114340594783,4.4307589341773275,0.0316559429154618,9,5,405,26,0.0628157543379442,0.4478043623928143,1.9850523275064949,287
0.05826081762214006,0.5537375481295193,4.542979226781158,0.1431632410264508,11,8,869,24,1.8880252027641549,0.3900232837561035,1.9850693949987204,198
0.18633595000181913,0.997051518546682,0.7612230873095178,0.01365452575686109,8,5,473,1,0.7973753772612222,0.6984830916220974,1.9851281620636327,29
0.07161100948687513,0.5719686933050755,8.036430971793418,0.1394122751676492,6,2,510,18,1.920937484566275,0.45152722458194766,1.9851574726288248,245
0.08532663791640187,0.6613089746548163,4.82753673385519,0.0703073329477754,7,8,672,27,0.9699025523600998,0.68547944643504,1.9852305782188744,73
0.09165923058874953,0.5673308528562007,7.031246776184705,0.09134501858225566,8,7,485,28,1.150350071997361,0.4549896551109625,1.98524410809479,173
0.1276092541619698,0.5046737364281563,3.67919233166854,0.06218564415285631,7,4,452,5,2.5165361736868226,0.49871314592179894,1.9854045404682803,58
0.09058899852216415,0.6009596976661422,8.987634153738732,0.0687769212261584,7,8,598,6,2.2149077953009897,0.4928917267989158,1.985429769650868,223
0.20098016117034487,0.7873906561392348,3.6373896473832787,0.06308602822697007,7,2,179,1,1.7830662519818985,0.44650454177420984,1.9854561447461347,100
0.12325438670004724,0.5103259358412122,5.542128183310539,0.22639122994844607,7,5,162,8,0.19291924817268588,0.2526047637524479,1.9856316888674792,297
0.1403572090580369,0.5309996935550082,1.4865600158866417,0.036041893239584524,7,8,877,25,1.0356419894079205,0.5449917403141107,1.9857832481711613,67
0.10221881073232508,0.8339700002054359,2.690840655844195,0.02060190983537662,10,9,463,8,1.081837154635405,0.3463261518524912,1.985893892283707,118
0.10013540818006196,0.7340911889941575,0.879627892631972,0.10635473343773766,6,6,373,6,2.017579418435224,0.6413776832753377,1.9860104628952284,145
0.12567175345154885,0.5183316457517794,6.529142632334794,0.16921811351783247,7,0,187,4,1.6156656787302264,0.4270710543066078,1.9860775829067747,199
0.14040497347337377,0.5002834957348009,7.1918257466706805,0.03564573884657259,9,7,681,15,0.32697735481245116,0.25632459517672257,1.986230298457452,282
0.051302739138908426,0.9676246864592299,3.2200231437486995,0.07524713679286937,11,7,491,28,1.909601491919226,0.35193771643607213,1.986547282391462,102
0.07737553490522672,0.557779916378842,7.667975669901702,0.07998996227711481,7,7,712,8,0.105808353052808,0.46572898579850586,1.986586046651788,247
0.0876867148288077,0.5933486693039488,8.48668022402583,0.08775939682630433,7,9,775,14,2.485713483405845,0.36392811941441805,1.9868456841553117,201
0.15977398846641389,0.893483200588552,2.9474313771236464,0.1420329518153058,7,5,120,11,2.4405353125067863,0.4141201935112455,1.9868986207041937,101
0.05610259700025562,0.7699619315534858,0.36099720702602867,0.16724088066360865,6,1,593,9,1.5727508721469925,0.2595980973273534,1.986934766830717,104
0.07072760289381988,0.7418559744115754,5.159920176833409,0.0361597750613093,9,4,980,25,0.14164852615301393,0.6366115004440438,1.9869348689308797,78
0.09363638321581937,0.5903878018521136,6.697645715345306,0.06427940598915752,8,4,951,23,0.64942622904491,0.405337872118841,1.987195048205855,300
0.1422624410189181,0.7273234467271427,4.697459028851599,0.09769420446182506,7,2,255,9,1.3531961306643758,0.25007885518944367,1.9872792600979272,136
0.3750494932417914,0.5283759800934708,8.199788371725562,0.013745622462282484,10,8,413,0,1.732593644835467,0.3049141592502289,1.987448640946286,175
0.12581835726917687,0.5798886049712559,7.304760095474793,0.03112296429121958,11,0,551,27,1.9280527819622804,0.5700792825391652,1.987577835083669,221
0.1818100015865432,0.6146430227347868,6.091993490772646,0.07771740138206297,6,3,631,28,2.085200228671221,0.3117924340460252,1.9875994760843585,180
0.22385272301193138,0.819589449923398,0.010143001758273651,0.12679792358161499,7,1,147,29,0.047034185124453565,0.4831350235735127,1.987691958536952,116
0.14708926528147626,0.7010612874339213,3.474636817262877,0.14738395032404483,6,4,225,10,0.9217744916662182,0.6907392088164706,1.987826846619836,13
0.19367790721101852,0.5746925038318973,8.60707381183257,0.0463533244679955,9,0,343,13,0.3341970600267774,0.2764339386436566,1.9878750962469929,168
0.1253380557638022,0.5018031112382701,3.726197815865526,0.164134868132738,10,1,144,16,0.7450132639817431,0.29873864745428935,1.9880316631144077,249
0.23229395829415306,0.6692107017063735,4.406286014632916,0.029061347697876133,9,3,335,6,0.515614684189682,0.6561979941786815,1.988132086803874,5
0.14526546134575,0.5597506041187656,1.8095112992291227,0.04534551284593076,12,9,387,28,1.0009408710075214,0.6251808875562739,1.9882273348784143,88
0.162757964019637,0.8392681840136916,2.450089278413307,0.05960156931675029,12,1,145,23,1.0733828688309228,0.32340810783821394,1.98833609141412,140
0.12822603480338013,0.8191474498986524,2.0051660142854013,0.2845457696384163,6,6,150,0,2.762945185097731,0.5685170157120633,1.98835536684618,15
0.40156934124796967,0.7929785437798291,0.025498054545706306,0.13595770983919214,6,5,156,25,2.045137168746483,0.648394135857472,1.9885617790369192,84
0.45201771807878016,0.7580218984824861,6.09566262959498,0.007734613220830571,9,0,808,2,2.847449866701788,0.3718373106426069,1.9886346482161603,98
0.16869513706956207,0.7211904330447464,2.3792783056826856,0.03349630084780901,8,4,500,4,1.6188371479004433,0.38269750845905914,1.9886825973186932,117
0.060459136350713885,0.5208665955122299,3.8153905797009653,0.20362380965977334,9,6,783,9,0.14121824830858187,0.48414034193486943,1.9887247403313308,215
0.13058049410983763,0.7994842072572085,0.2450404855208136,0.05026247438717333,6,5,852,12,1.7351604555614708,0.6734380822332342,1.988778108527648,75
0.07380481406305503,0.5983078132649159,1.2141407915419493,0.17913896100039456,7,5,493,17,2.3921543471506332,0.6073996302115862,1.988840208129309,144
0.10890679235054508,0.5197461242310465,7.052612526154638,0.06912899121889791,8,6,670,1,1.4793519831935436,0.5154616635934404,1.9888833777574084,179
0.1506274663827007,0.6914225512414505,1.426588525814759,0.02555936034858251,11,1,403,23,0.6395207831904786,0.7366218145689308,1.989008634112572,74
0.22927107779059563,0.545897515000931,8.290694974750727,0.05842283071023447,9,3,348,28,1.2761385699112853,0.40358502110385935,1.989047448998463,204
0.06546567565734163,0.6233491052944012,8.616851368547612,0.048934248860830226,9,7,921,4,0.5791862115578701,0.26596626425866193,1.9891327343868213,277
0.1435690910691967,0.5934893436188449,6.171736125679595,0.08618262908741917,6,4,747,22,0.039549106913561505,0.5135549038733036,1.989139561048556,14
0.19018984227404687,0.7881863349027289,2.6706992259679785,0.05251692538975051,7,5,462,15,1.7993249001332294,0.7279463758522231,1.989197050784473,27
0.1056092997536403,0.6228519865373532,4.239375237724329,0.04709196785320142,11,0,580,28,1.7850174032291322,0.43347107602189067,1.9893657805158749,243
0.30491781661374046,0.7303189830926031,3.150191379958603,0.1480761618767238,7,1,173,23,1.4815777656106883,0.4772127260197445,1.9894366773291567,38
0.2949253097860776,0.6539229154265298,5.137112694872557,0.02782576629529001,11,0,341,22,2.359359345302806,0.3706826965804549,1.989480063219359,232
0.08763687878036147,0.5683761376062186,8.309658057805049,0.07144106756849807,8,0,910,8,2.2849982311060013,0.3465377550812545,1.9898450343332772,160
0.19085133535640086,0.8996614818336295,1.1297267457305478,0.05297158855137615,11,0,164,15,0.16888496637953,0.4510127244681922,1.9898847289214376,113
0.2835562402015771,0.6683957700190113,2.4983035633966533,0.05604471218810512,11,5,186,26,1.6386406716250148,0.4883947714523913,1.989897164372986,92
0.48266391162560257,0.779667754209265,0.937411932552473,0.033052347305214634,7,5,611,25,0.7318062016056004,0.7483366845047001,1.9902504734285984,25
0.17581664001146535,0.9264839509842916,0.5913857267780775,0.08789601527740726,7,4,424,18,2.252625439929866,0.36897819640466106,1.990510327334396,105
0.11567277283039379,0.6059058519244561,7.85387752628026,0.032818986411231627,12,0,938,28,2.241624102633592,0.33808758589180227,1.990516038490386,195
0.08008598913732083,0.8334847525521011,4.362761861672648,0.18843356437025693,7,3,432,29,0.9718170031801401,0.7198225517557849,1.9907169136313516,48
0.15687937235360658,0.5985849112149768,7.642489874907035,0.24330191984861135,8,0,154,9,0.36707079315416635,0.5387068946686242,1.9907508404237315,185
0.42218689855891783,0.5363315757952809,6.886840175158602,0.04271217900180872,10,6,404,29,1.2217516179244048,0.4115955236491393,1.9907746622395668,227
0.17221343901842462,0.7669711529973718,1.2712740818933936,0.04073331840597858,7,0,923,12,0.5079623637352997,0.5971023908092731,1.990940647794921,39
0.38819863910322333,0.5777240270252717,4.08298809425669,0.056467760391567826,7,4,560,10,2.7561675650081305,0.47241625615057586,1.991064643211649,4
0.12141845327069176,0.747317846738282,1.8839064363266622,0.09716695794337477,6,4,842,4,2.991926016707505,0.6117344011769682,1.991074923752484,51
0.49985064180241884,0.5201063978181888,8.014303094302264,0.06291947135280886,7,0,455,8,1.8260957440892878,0.3899430897504241,1.9911565640544957,157
0.1516812492276226,0.6073151006938962,6.064144259322573,0.041735339762066795,8,0,899,8,1.971991651798888,0.3751922573707337,1.9912367802951167,163
0.14394338270591467,0.5635784937267281,5.47435546726237,0.0501450282589995,8,4,949,19,1.6554452398558213,0.5187844042714218,1.9912634405595968,224
0.31729208329554187,0.5953063561445862,7.443137296794269,0.06411587587952812,8,9,478,18,1.4116155311493526,0.3919878091794803,1.9912783108799432,213
0.11308065117789354,0.6948695437737578,2.4421751335663693,0.10424171183422248,7,8,739,6,1.1899514778983087,0.5536786727132683,1.9912990758235216,44
0.10528152709484559,0.6470014905894642,1.3421580217274316,0.0719399409163414,9,4,549,13,0.38162594048949444,0.6787909148210783,1.991302685245696,89
0.11563000650819252,0.6974609166087843,2.609023058027077,0.10378983635051561,7,5,764,3,1.2346463691202612,0.3147530708618264,1.991374586324436,103
0.21328887135619032,0.8166950993191826,2.2907783182576016,0.2612691142818341,7,3,128,2,1.5900924075901928,0.6418520560231271,1.991383750305468,57
0.281196623708308,0.5001836032947627,6.816527314068801,0.02650524366207854,10,3,477,2,1.3532717081751036,0.42155559240317203,1.9915018516667933,192
0.09315723044129191,0.6880037343292864,1.015733619576423,0.15207122787344315,12,4,169,15,2.7500529864962346,0.4408902103192365,1.991668401962701,130
0.23514679789022844,0.8884932911942384,0.5044973169063887,0.04892116805883913,7,6,887,10,0.43959457794316875,0.28150110349689283,1.991906072038338,132
0.13363176633378798,0.6143437292219883,4.826070481332866,0.07394331428472638,7,8,876,8,0.5878112658204873,0.5022275151735287,1.991928149550346,236
0.10017969857711481,0.5400265231816063,7.127421606305537,0.08166194779783195,12,0,617,17,1.4830942266003562,0.33121228019142623,1.9920176654622213,217
0.13466255743415903,0.8273412580404428,1.5727080394292035,0.27650021785791107,7,0,304,21,1.9151661625294214,0.4150507844918988,1.9920226689680072,95
0.26675073756711076,0.8556995319905889,7.189382102080614,0.11891550738395473,7,9,309,3,0.012932256102646589,0.3172027090672907,1.992034311006524,31
0.21295886736039582,0.6366104721832315,4.354507512517138,0.018127019274949238,11,5,798,11,1.0527137905631965,0.633286990555944,1.9920457219466776,37
0.4834043735071515,0.7347616088069079,7.4882161473557005,0.047537927788760356,7,6,897,23,1.9953726197045816,0.3925477060211522,1.992149857248605,108
0.29677562375748107,0.8274539208305673,2.058066697297628,0.11606190038389506,6,5,561,18,1.9355766584145662,0.5875594804933825,1.9921717994188533,135
0.2855469929290627,0.5437567102073588,3.9140639461767637,0.06905778757547512,8,2,762,27,1.8610781306757258,0.41097239584143275,1.9925274948659832,42
0.20740436490086958,0.7451030097246496,4.624584032002568,0.1972007122013019,7,0,364,28,1.21466121274865,0.5523466028106917,1.9925654914999975,122
0.45281133455249,0.754499445922895,4.888282275232445,0.049338579560992225,7,9,789,18,0.6168217691482287,0.706492041448653,1.9926444545055,33
0.05711826550646359,0.9341970124311785,5.551451453097165,0.16742286975335513,9,4,849,29,2.7600276793119485,0.5217015338451563,1.9927394892698131,9
0.19056239188278296,0.5107503538330643,1.036503210510677,0.12628561567217714,9,7,575,26,1.6184452862497938,0.375895111474854,1.9927961541362835,21
0.09460389408751399,0.5533082899022649,8.735487597454652,0.05311590902606238,11,0,615,4,0.1622632423827972,0.40923701400109175,1.9928354357022704,267
0.05774918805416189,0.7775713816524537,3.418662969052859,0.1836369802133948,8,5,843,22,1.8109428493190078,0.6000413396319977,1.9928899096648465,87
0.12330943641014841,0.7484188028881651,0.7551005264524842,0.07664840877756679,9,0,651,20,2.1636460113419713,0.39746390576462687,1.9929206968962656,139
0.4334956191935221,0.6859437890106889,6.631360192675059,0.03947852471814092,8,9,997,20,1.4613313034274364,0.4022392240453364,1.9930525218741688,106
0.3298360588275119,0.8173886752032307,3.154913643156,0.16149435631144854,10,7,143,28,0.7104790282027549,0.6639458989277953,1.9931635181672969,138
0.15401373572200408,0.952734032793086,5.868458402247173,0.07854042371328826,7,5,825,22,0.3366415076037024,0.7496396412752185,1.993168562674311,53
0.14644731478760767,0.5794416387813888,7.896634813852714,0.030283063329360784,11,9,744,3,1.5885348426633574,0.3993573247194696,1.9933428742778097,178
0.226357638156456,0.7286353472353446,6.346752708505023,0.28878010453835806,9,0,121,13,2.625335695472114,0.44889293466596264,1.9933665437366868,20
0.13599444743393854,0.7097242411322441,3.0324580814651405,0.05860639126497793,10,2,542,14,0.6278716181253647,0.6572712469822204,1.993653444530332,49
0.17216871913875006,0.5548059351955233,0.7573077739249636,0.03183094868797441,11,5,506,0,1.1656545569441856,0.7252234558830313,1.993794922525684,56
0.2964245024745677,0.8126305315511765,1.1132268733833792,0.09816121263252481,7,7,749,29,0.7102016444277135,0.6664824846881633,1.993878004309368,85
0.06472435267345863,0.9963496692855373,0.04679187472862023,0.10918728368839657,7,9,892,1,1.4700736981794218,0.691642635376164,1.9939185868691367,61
0.16408593283293688,0.5720153011388909,3.8564176686712326,0.10240410979122659,10,1,306,10,1.0754445677200923,0.6895679435990226,1.9940182969578903,12
0.17396190556537766,0.6080838894651475,7.695991808464431,0.016874835810668384,11,0,910,1,2.1696105313402745,0.35185675707059694,1.9940432026951669,210
0.1550279562916669,0.7949238658129187,5.205547029014083,0.06788234677017345,10,0,323,5,1.5172748792149633,0.44587228755624114,1.9940492138035035,128
0.3544211871216788,0.664993712078441,8.712651168372098,0.0748493787035885,7,0,902,22,0.1944749624436919,0.5579093225371992,1.9940541701844967,203
0.20159280140871574,0.7474586102166413,4.1269216655955,0.12389192683888572,8,8,423,3,1.9858227244637998,0.2985523235854556,1.994062853864153,63
0.1556899916121866,0.6023966510156712,5.629527383779635,0.15219682617654634,8,6,467,3,1.3778234781788818,0.3847633091612628,1.994504955686537,241
0.12843039243407606,0.9842016137228442,0.8562570075694407,0.29660980863429537,6,5,680,7,2.1113677442793564,0.2722683759249187,1.9945111392247297,115
0.3489103995796995,0.9153932586352208,8.61626474231549,0.04129432788581185,9,3,836,14,0.28444673932712583,0.3040511539252956,1.9945524221160769,119
0.46041879511074635,0.6070498029807266,2.7626417373673315,0.17438751524743137,9,6,233,25,0.7146878895811932,0.6582712322619972,1.9945988793712115,60
0.09691334305088797,0.5268119653371691,8.29733931379101,0.18632213829411085,10,8,905,16,0.19821126224269361,0.31858585554600366,1.994655446047909,250
0.36507368452571365,0.9210678590315924,2.1966681625831646,0.08024794273654302,7,5,882,16,1.3720636825511074,0.6443781028011161,1.9950437187835368,35
0.26049830003407437,0.8651894925089988,1.4993148115804695,0.2323600792555971,9,9,167,1,0.8955137880063343,0.4735249023713829,1.995464093260064,129
0.13891817430040457,0.8043209627188166,2.2070607311384434,0.22062161499877167,7,5,878,24,1.3124663345088705,0.5349361046169137,1.9957320752669143,121
0.27194932068904865,0.9026110491931439,1.8825242476659318,0.299031821722051,10,5,131,11,1.334488290114215,0.45976080981599005,1.9957552259311424,64
0.3237597991400429,0.9073170728834266,3.5359249658138596,0.13573355785762084,10,7,357,19,2.2824794346653965,0.35555920046623757,1.9958580378634467,43
0.40048430866086976,0.5854528813991776,4.822027731822599,0.11121450299691948,7,1,724,3,1.10800058373325,0.3068146384447339,1.995864422087404,209
0.08473366673715323,0.8426582260556865,5.502162912030762,0.09317038259768955,10,0,831,15,2.342193946146602,0.4633163148452616,1.995955864883204,97
0.49846963824195634,0.871569714417787,1.645957991494838,0.09070090960335295,7,5,785,5,0.26073004680513145,0.6241426501591136,1.996299843274612,28
0.16369748091267186,0.760307049223377,3.0921148176530577,0.06598231655759298,10,0,504,8,1.1231060775796502,0.7346848125044627,1.9963687145325208,79
0.3085292182079671,0.5277587101095379,5.388035756576856,0.21913912880600428,8,7,713,29,1.184093147795926,0.46253001572119,1.99637167765116,197
0.20195131758367627,0.6714843761388621,7.368914562892385,0.2372690631652388,7,0,934,26,1.4483872934996467,0.5325715882472389,1.9964108326158756,234
0.42272508431658046,0.977796753584625,8.127789326600112,0.2217102527097453,6,6,814,8,2.0840689031561466,0.3940692051407407,1.9964997707319907,19
0.13268937291539123,0.5433494073634045,7.350717134671506,0.03683997745107272,12,8,862,2,0.47075023419289,0.5524373036257508,1.9966654017589789,298
0.38046820473613324,0.5328525301877165,5.869975542906599,0.031170696200517232,10,3,989,2,0.938692503041363,0.33789149770210103,1.996716132243226,256
0.10895229882470742,0.8732117992123789,3.329535023162949,0.09118994389974014,12,0,320,10,0.8572499190960483,0.6067298602953005,1.9967226454404363,62
0.31111705775251053,0.7168373790298277,8.019335286374721,0.1178238632512202,8,0,931,15,2.7010484872546976,0.334570369710347,1.9968687771837303,96
0.11866756407729993,0.6564196531173141,2.4724336395187567,0.17364143443489258,12,6,399,4,2.453490058991254,0.2518151536273716,1.9970305544778648,11
0.1051447665849205,0.8010191915613304,2.902841418441925,0.07010615278306484,10,2,844,9,1.7321319149270349,0.7470366756846604,1.9973205634943352,32
0.1675696404203147,0.606737996012075,6.750729112558487,0.2537426875622425,9,0,305,2,2.5889765560686433,0.3442010238496577,1.997352647195315,176
0.4330339310398622,0.586480774728443,7.432879650552347,0.19156009234313798,7,1,965,16,1.5232316184307906,0.4674895049254424,1.9974713017569263,186
0.23993716367781376,0.8243887548518629,5.351580315781545,0.17782664062413975,11,2,338,24,2.326093136483647,0.5585396792511581,1.9974820354399951,8
0.3863339167940685,0.6725185968803495,2.860212816282878,0.26645574036252584,8,1,620,21,1.6885748285099802,0.40635922106921485,1.9976031991907277,127
0.340537020665649,0.5014376144757052,8.40382876585824,0.09497618072347905,10,3,828,16,1.7524900244850543,0.4387869274008772,1.9977264117611584,216
0.33570115330212075,0.5987779586120104,4.523035202954613,0.200413840586633,7,6,823,5,2.2859061407801162,0.7485362343263458,1.9978603366143968,91
0.1865856822251388,0.51035950320124,8.847794791474186,0.2686042772429471,10,0,858,16,0.5004662655540678,0.2728718879243111,1.9982052002413588,252
0.07572269339814892,0.8381058092685247,4.971180590999085,0.1912353454346869,12,3,802,25,2.3663205136791254,0.6694937437221012,1.998374420568093,40
0.12160348956345089,0.885375694757653,3.1058070752380544,0.1545730097710166,10,8,573,7,2.649945832142586,0.6686941777766421,1.998375505845455,3
0.14077587872886338,0.9420731644512659,0.24478741816214944,0.21206667913386099,8,3,660,2,0.374101977816946,0.5079160559651983,1.9984864415981252,17
0.07137938911353542,0.6521909821622571,4.333885955464499,0.13253930472242365,10,0,874,2,0.40754037153466816,0.4524815868935749,1.998586399861937,205
0.07694899511560072,0.8407987767592282,8.470231459806191,0.20736437120236403,12,4,437,8,2.0431173739821418,0.5960552260356344,1.9985983380703904,18
0.25866525733423873,0.8591733413529263,4.067501832863115,0.08366848541374727,10,1,922,14,1.5378897464808068,0.5833965130800192,1.998675946787412,86
0.17701366476685448,0.7858539679963467,0.007543179551241064,0.1465028711129911,11,9,622,15,1.561922525256301,0.7117971727335242,1.998680217942861,143
0.21811992248298342,0.8074933145958364,2.034024311858353,0.24829697332240175,12,0,307,10,2.1286766454158683,0.2859158624863713,1.9987181882102467,99
0.25404753302105465,0.8095560363795158,0.39418060352475315,0.11261263678394853,10,8,981,20,0.2590430712514482,0.6724901582088091,1.99877554611037,36
0.2452783169961032,0.5608973687745745,5.409777138747495,0.04997915706277745,12,4,953,5,0.5397243099941742,0.48194760709776274,1.9988535850997748,177
0.23966825167090947,0.5374545953763139,6.1741498934999,0.06127946515600488,12,9,895,1,1.5252599902135975,0.33580086368636053,1.9988772935187755,239
0.3827769053856892,0.675465667449572,3.7270676923698454,0.20107736968585346,11,9,643,19,2.183177229531975,0.45505197942665687,1.9989210591276727,2
0.31747051111612345,0.6853427438313522,0.0005494567740613743,0.06350314475353144,12,0,717,14,2.1018643338640977,0.727738993154964,1.9989428845123856,10
0.14827207504260626,0.8468908819597095,3.8375411443166523,0.11081136698617515,12,3,755,12,2.966940336775471,0.46821103071156656,1.9989558918577757,110
0.3459595875354996,0.7283096284654818,7.027817732998961,0.23511386420899666,12,1,492,28,1.6879521362912686,0.5741096661600594,1.9990551723121293,45
0.10140251247402512,0.6253389027531596,5.921489687722024,0.26002609369830054,11,5,627,3,0.38222538723863253,0.3152976619393044,1.9990719903844332,293
0.369539216397502,0.87573904475242,2.1021096090709124,0.1568282845188073,12,5,314,7,1.2909717729918355,0.6163999637744338,1.9991377107601709,81
0.11924681725361111,0.6385358595991004,8.825035998048246,0.27764269972984607,10,0,948,10,1.0244482824551207,0.43402268753942574,1.9991895985863943,182
0.25406716245104755,0.5134895515132135,8.51674462389231,0.21485877100695183,10,4,704,5,1.8310974199808745,0.3967773799159853,1.9992478409140373,238
0.38457129656746675,0.931370806570153,4.602612479864332,0.20880981556809441,10,9,742,12,2.497896096944879,0.47735052611068607,1.9993438265558876,1
0.2476317296184288,0.6793748294388746,1.2015928736999022,0.1361921457928837,12,6,897,13,2.625570819298581,0.5765333546890531,1.999456456847592,52
0.29064432205451096,0.7295122570754028,3.3532180018493203,0.24017091911387772,11,1,270,2,2.8181092128083147,0.6170140089927841,1.9994635510923155,7
0.21198599369312163,0.8605645163468176,0.1541817401132809,0.16169134176561178,11,9,818,7,1.411875246166781,0.532100253883034,1.9995122265007232,46
0.18535023824246313,0.7651383606170479,4.169689963894449,0.2101475628257173,11,2,926,13,2.555327097508051,0.5216732074394228,1.9995536721562184,123
0.3615570776815108,0.6236276073146998,0.2253395211109066,0.13021508613704935,11,3,960,11,0.9642600159814803,0.5732681673982921,1.999572927920469,133
0.2373376509904037,0.7052790190651909,0.2444216092905388,0.2236224104510219,11,2,497,4,0.8304278443550774,0.5310778249195323,1.9996539273815996,83
0.4039668818940476,0.959810815301031,1.546188189113713,0.2553583875774593,11,5,698,17,0.8838765238932745,0.708123146242055,1.9996693713474991,41
0.34262784578649313,0.7120890362303409,6.453280360438532,0.2711652365447553,11,3,829,7,1.3140875593227697,0.6497767208035865,1.9998107117792563,6
