boosting_type,colsample_bytree,force_col_wise,learning_rate,max_depth,min_sum_hessian_in_leaf,num_leaves,reg_alpha,reg_lambda,subsample,loss,iteration
dart,0.9973918976089525,+,0.34163741975550405,9,0,120.0,0.9656485426415411,0.7464694890611242,0.9528024136339067,0.0021306743395816,263
dart,0.9985338593028213,+,0.344384091200923,9,0,120.0,0.999486189666552,0.8811147552110346,0.9579239733492337,0.0021372303461001,266
dart,0.9991352423360742,+,0.27546422267940396,9,0,119.0,0.9222172521056006,0.9230614891181417,0.8989815991895215,0.0021396977684439,410
dart,0.9815381061332493,+,0.3303257214526947,9,0,149.0,0.9109417367018229,0.7921785957735127,0.7929519939760781,0.0021448759730967,498
dart,0.9990287469932099,+,0.3004275962047419,9,0,142.0,0.9504607676881344,0.7815748168492056,0.8390266310343972,0.0021458874883478,188
dart,0.9800611981604783,+,0.5024349644078463,9,0,145.0,0.7569784482213231,0.8915085944820231,0.9997796511110175,0.0021509358753771,284
dart,0.9728119234170821,+,0.3460338602871428,9,0,118.0,0.7051170411804881,0.8884166980646145,0.731026106313462,0.0021549010813362,308
dart,0.9452363025959395,+,0.39315160169676144,9,0,122.0,0.8871400911329635,0.9694529849629623,0.8802845540592987,0.0021549646710417,182
dart,0.9992145624794683,+,0.2405724556836691,9,0,119.0,0.9199082686029589,0.7902350193337794,0.937907311137393,0.0021582354671276,418
dart,0.95973321610723,+,0.343205002080255,9,0,118.0,0.7373121603030688,0.697041984099356,0.7322255169149335,0.0021617948278306,315
dart,0.9622162841003317,+,0.306773045950057,9,0,122.0,0.9356535125523966,0.9750937619088909,0.8353982710373877,0.0021621570628189,405
dart,0.9345640487962485,+,0.30091233008635077,9,0,135.0,0.1080060915938083,0.7923477258267736,0.8955979650500482,0.0021646801275237,90
dart,0.9783399902099408,+,0.4348255843437748,9,0,91.0,0.7145477678446718,0.8615462557515621,0.7455883591830509,0.0021660187829301,456
dart,0.9476491385437903,+,0.48111798872038514,9,0,120.0,0.9080606378757713,0.9003840807865818,0.9132868690354191,0.0021674451365054,403
dart,0.955901726599966,+,0.4312175931785569,9,0,109.0,0.7887375835704005,0.7909547480123624,0.9998789800074813,0.0021680113052077,397
dart,0.9445197946372781,+,0.34947982581899356,9,0,120.0,0.966177890603007,0.6961749715489611,0.9840864902895425,0.0021719101925786,268
dart,0.980303733609227,+,0.5765347150533002,9,0,122.0,0.8104771356864069,0.944556782631635,0.8747276807929023,0.0021749127650512,406
dart,0.9973117683224115,+,0.21864503688723494,9,0,132.0,0.8905264547514233,0.9287585680137583,0.9339902731800149,0.0021752244797794,161
dart,0.9593221983098035,+,0.34621210141894637,9,0,104.0,0.9415226089043826,0.7397780921273132,0.9781810282437986,0.0021777710874858,278
dart,0.929033363664263,+,0.3458988509669959,9,0,136.0,0.9254364795224109,0.8662705185878424,0.9995577252066506,0.002179958446694,297
dart,0.9906278412040869,+,0.19286337449566343,9,0,148.0,0.9817807256809237,0.8569578716729739,0.9010300593204841,0.002180817825149,413
dart,0.9798394517401886,+,0.4278761748602467,9,0,100.0,0.9996959564002393,0.9994121146307252,0.8463279443009789,0.0021820732559726,409
dart,0.9479546220115286,+,0.37326768940637917,9,0,95.0,0.8273257465242133,0.8312595997513434,0.9478946404846187,0.0021825588559586,408
dart,0.9990673504808061,+,0.5541459240666847,9,0,99.0,0.9774261218983458,0.7616452846590748,0.9475883022857652,0.002185787969163,255
dart,0.9675984738054084,+,0.2591181925798097,9,0,104.0,0.9512899164533588,0.8918290461731105,0.9315496155780411,0.0021891445774907,411
dart,0.9673035209562113,+,0.25480292637980345,9,0,111.0,0.8802911079455863,0.883061659653513,0.7186475307563638,0.0021922553910566,374
dart,0.9749909549519371,+,0.5510243185973006,9,0,122.0,0.8171459012148605,0.9250036492165417,0.9749604949276037,0.0021926596871736,177
dart,0.9390066241134388,+,0.48913713233965267,9,0,99.0,0.9496691408083249,0.8636473059184959,0.9115324419698128,0.0021931893742355,260
dart,0.9768455560929884,+,0.40369179077575007,9,0,63.0,0.8624865970227507,0.9664102187727365,0.904875488482249,0.0022016975116233,402
dart,0.9849502977085823,+,0.5635388919020151,9,0,141.0,0.9768528757451056,0.7604869005381619,0.9442717239040102,0.0022095451743314,258
dart,0.9781848988072547,+,0.2806609888289622,9,0,73.0,0.9488779199506612,0.9220472552738912,0.9010645020695717,0.0022140449333782,465
dart,0.9156384121005836,+,0.23374819702479008,9,0,146.0,0.9679729865126903,0.8722326500582458,0.9415154917792663,0.002215218935114,407
dart,0.956583865945924,+,0.21408086815597926,9,0,116.0,0.9662983474154961,0.9115636652815763,0.8621869693673696,0.0022164558456547,416
dart,0.9995155713828163,+,0.18522131078078782,9,0,102.0,0.572055836474297,0.11485707623902275,0.5760905466305801,0.0022189246219649,400
dart,0.926039653919081,+,0.3946883508041207,9,0,99.0,0.8697845378503501,0.6433027997758916,0.9309498478170616,0.002219988261514,261
dart,0.9106472163341848,+,0.36678617485258413,9,0,88.0,0.4786117096604114,0.983251940515441,0.8587554484116183,0.0022216080935516,394
dart,0.9055038489209271,+,0.4503642768404615,9,0,106.0,0.9877818714510292,0.8181130663270513,0.8764372719664933,0.0022224673688718,270
dart,0.9108818837883746,+,0.2885577183379143,9,0,96.0,0.9532008351873708,0.8483125999217896,0.9904455547608466,0.0022234795478182,496
dart,0.8554871851547169,+,0.37031508369354454,9,0,139.0,0.44759409636929753,0.9286143327158116,0.799502861473961,0.002229091059925,339
dart,0.9969877185873548,+,0.3324278748752638,9,0,68.0,0.8553486144368733,0.9291487820287158,0.9268398370329989,0.0022299907173334,415
dart,0.9993905131793266,+,0.6018038307764008,9,0,93.0,0.6429153535033529,0.9972102080581017,0.6845203256777528,0.0022335870947493,334
dart,0.9144972202093721,+,0.22399427822180104,9,0,128.0,0.8736625452208074,0.9305858672733182,0.984771267943917,0.0022367262420844,160
dart,0.8961016967860227,+,0.18640703938523367,9,0,128.0,0.20142763054393062,0.5989886256414634,0.9546227799972898,0.0022377159320142,139
dart,0.8964920358239423,+,0.46353143568302263,9,0,125.0,0.9851240844736858,0.2605775113264145,0.6979560594039376,0.002237948055492,476
dart,0.915496862490054,+,0.209086765742244,9,0,123.0,0.9991472928184029,0.8086677194835769,0.8512353853674087,0.0022427854280505,463
dart,0.8435625042105236,+,0.3057159699758386,9,0,119.0,0.9082812405922033,0.8864247183354048,0.8721888903858622,0.0022452987112503,424
dart,0.9635407479620063,+,0.27099301662288855,9,0,76.0,0.9236895032439779,0.6847160687208753,0.9661115854562633,0.0022473961387872,271
dart,0.9439894095781738,+,0.5490048356875693,9,0,96.0,0.44503886543033616,0.8716006634818809,0.7174783664649617,0.0022476752226174,229
dart,0.9870079451469589,+,0.5121165828476621,9,0,49.0,0.7471449337386844,0.9801451399319411,0.9821416756145491,0.0022482378157334,285
dart,0.9568883904658939,+,0.6553235918764536,9,0,143.0,0.890507665252797,0.8325795498613776,0.9642482780410773,0.002250178544259,262
dart,0.9997395484159701,+,0.28109841376154093,9,0,61.0,0.7882221482034872,0.8260769161203627,0.9276520585977438,0.0022523650557392,226
dart,0.8443862382718779,+,0.37980988661395815,9,0,128.0,0.5802902901759724,0.6413163028780129,0.863519967831414,0.0022532149463695,148
goss,0.938992485822996,+,0.21206538280162085,9,0,143.0,0.9185981658772528,0.611382749258632,1.0,0.0022539137107933,391
dart,0.9514141229208575,+,0.2982752481909105,9,0,71.0,0.9811672210040062,0.6269565380044584,0.890908720636776,0.0022562585091684,302
dart,0.892724226796073,+,0.284648310159451,9,0,87.0,0.9189184668187658,0.6182224511382575,0.9522715443924412,0.0022571177885538,241
dart,0.8870466285417613,+,0.22718200228934834,9,0,113.0,0.7665314354953322,0.5900886913264871,0.9078368828509745,0.0022578340470412,369
dart,0.948466395204346,+,0.1617433653986477,9,0,128.0,0.6962311311433973,0.9123932892596522,0.9882553118227233,0.0022587012522579,159
dart,0.9998244110851247,+,0.6698565728321917,9,0,108.0,0.49245085007391454,0.5780151197042307,0.931281602107089,0.0022589861983272,484
dart,0.9665856867901697,+,0.6317319548073684,9,0,118.0,0.8293509659414593,0.9815108809216044,0.8304013396740756,0.0022589876367629,445
dart,0.852586500926514,+,0.3117985372464867,9,0,120.0,0.945506165430551,0.7746953988608201,0.9186847012462684,0.0022591046664947,269
dart,0.901177430777875,+,0.1641205935152424,9,0,140.0,0.5260211266565762,0.6719944990922831,0.7492639255513738,0.0022630892260906,325
dart,0.9524350333289118,+,0.1791374758981502,9,0,107.0,0.5745715938127572,0.7323537927590649,0.7669428496292136,0.0022632950585977,154
dart,0.7813725363694645,+,0.30355433342363086,9,0,137.0,0.6258594035401572,0.7668477759805608,0.8676694090834687,0.0022645584817914,150
dart,0.8625518775620208,+,0.2271479942629934,9,0,116.0,0.6779428634258876,0.45775876141850885,0.8594167786907378,0.0022651536101795,301
dart,0.9193686095914656,+,0.18161948185261656,9,0,147.0,0.7031287253375871,0.797077593846806,0.856439060898448,0.0022659143773773,234
dart,0.8838838400233009,+,0.1764376097707751,9,0,144.0,0.9977188645483205,0.7153501342104702,0.9053332299894554,0.0022659427777718,273
dart,0.8174051726450255,+,0.2961328967860907,9,0,141.0,0.8795909151523849,0.9515311161429897,0.9585085417797825,0.0022690647540511,393
dart,0.9157762508525069,+,0.3855375076542515,9,0,75.0,0.7173831471256833,0.7324445022610857,0.7769952996686862,0.0022717229644729,434
dart,0.9157651691877906,+,0.1852541832191719,9,0,118.0,0.6184731161046101,0.786705149848218,0.6579411889381929,0.0022718289154468,309
dart,0.998579082060565,+,0.1537391036749707,9,0,142.0,0.9413511195532039,0.7474868906208983,0.8181199515918087,0.0022740807221349,192
dart,0.880078228650977,+,0.19747043257159694,9,0,120.0,0.8332947850750163,0.9183531993545062,0.8968632564566245,0.0022766366123083,265
dart,0.8510141745468737,+,0.23115427307463407,9,0,104.0,0.35218082165933073,0.5199094382288643,0.8755712488529774,0.0022771830340698,146
dart,0.9034386887956404,+,0.5122134150540513,9,0,136.0,0.8392619875906512,0.9309663959704029,0.9444257519557471,0.0022827494729664,430
dart,0.8557838986036894,+,0.47958606943264853,9,0,128.0,0.4053147047019059,0.5760572353684688,0.8738529103070943,0.0022855219021189,142
dart,0.9220322541606282,+,0.4532036471957372,9,0,73.0,0.7413187372720875,0.8422420970633759,0.6636912505005687,0.0022856286394294,329
dart,0.9019814035891804,+,0.27561326793863383,9,0,76.0,0.7393807851558155,0.8731090071603178,0.9210244360293042,0.0022863096172632,153
goss,0.9721341551699669,+,0.09612224771263601,9,0,120.0,0.8358873396779446,0.8333530657820986,1.0,0.0022868670373531,300
dart,0.9831007637989013,+,0.13580457399101914,9,0,136.0,0.8004757802934594,0.7388392899760629,0.7734416970699296,0.0022898859293216,155
dart,0.7810236991290761,+,0.4045042027360825,9,0,140.0,0.9274705220339229,0.7088771416278068,0.8443036551670883,0.0022955360363751,190
dart,0.9971734171297753,+,0.7516866367640803,9,0,48.0,0.9257963333595293,0.7980698423588285,0.9758633199788594,0.0022976166770742,259
dart,0.723962638795068,+,0.3942464030118202,9,0,116.0,0.6567566004497356,0.7655871863310152,0.9067198856718602,0.0023056623257197,152
dart,0.874364714333094,+,0.31231526604446097,9,0,97.0,0.7771033722675018,0.9997616483716005,0.9863643362432588,0.0023068796760901,436
dart,0.9998112377510785,+,0.335166981608987,8,0,85.0,0.5261512311048444,0.7483194435866669,0.7548003822449539,0.0023085005624027,486
goss,0.9326869255080996,+,0.0710341256353402,9,0,131.0,0.03572331623582478,0.23088626410250923,1.0,0.0023096249338659,100
dart,0.8780513725020335,+,0.6755359545662839,9,0,124.0,0.8968893949263816,0.695459260393212,0.6911429861525088,0.0023100768177707,387
dart,0.9502280127780331,+,0.1422697925197661,9,0,115.0,0.8941772916547,0.9082151854777228,0.9010195904252802,0.0023113809925326,428
dart,0.9304977099850645,+,0.34430636061536796,8,0,117.0,0.5860545869188022,0.6337218012923052,0.8203826272399659,0.0023123537538934,473
dart,0.7919703312285972,+,0.4632972702645469,9,0,83.0,0.6960298121196266,0.5894098060988345,0.7018927603245293,0.0023129746709725,312
dart,0.8662428016108614,+,0.3962886226867114,9,0,86.0,0.9591372706506004,0.7143115917411563,0.8361894397564336,0.0023151059809256,500
dart,0.9313794573356852,+,0.7322972721340257,9,0,107.0,0.887230417148886,0.9160431864611365,0.8832663036516323,0.0023161499466629,404
dart,0.9296430466402077,+,0.6233317819645314,9,0,70.0,0.8751770614774752,0.9783293411185399,0.7907077148402638,0.0023184474006013,431
dart,0.8272065986284387,+,0.6464053437697226,9,0,112.0,0.8277775759560589,0.6689408961886933,0.9105047699935568,0.0023253369836706,244
dart,0.7950559127771764,+,0.40108852671397716,9,0,62.0,0.798238920389632,0.8668587631342454,0.9998525521140831,0.0023279542240791,482
dart,0.8847873876289518,+,0.49263013595263533,9,0,71.0,0.8719821395755323,0.8504634215767629,0.9506615228616064,0.002330135979509,417
dart,0.9168638615000059,+,0.24052022993842262,9,0,64.0,0.9177057250506973,0.8959080536291602,0.8977008121492398,0.002330761914932,165
dart,0.875348734466712,+,0.49711108279501953,9,0,69.0,0.7121700576354394,0.8381149594270707,0.8597497525205471,0.0023341303471612,185
dart,0.9989743352386096,+,0.4913351127288708,9,0,32.0,0.9132568431808102,0.4794897770935028,0.9854507949444945,0.0023350760113353,367
dart,0.9844283830859919,+,0.4604242230583964,9,0,40.0,0.8607737220016731,0.8103097345723513,0.9479477181093939,0.0023357468278814,170
dart,0.823485170202044,+,0.23225190709474267,9,0,101.0,0.8260017602718879,0.6055395560407132,0.5945053550942829,0.0023360810441235,331
dart,0.8691256078428164,+,0.14724744254096858,9,0,121.0,0.7328531673971823,0.6770164252895731,0.826057773521613,0.0023382811973209,379
dart,0.925669037274338,+,0.5679439140743966,9,0,53.0,0.9391057721862166,0.9388305872265502,0.9817791230283686,0.0023404730981125,420
dart,0.8364407597245865,+,0.29622500152156783,9,0,56.0,0.99859889895278,0.7990847715287557,0.9876174149656265,0.0023467682699199,477
dart,0.8796103560599355,+,0.2897981471957949,9,0,69.0,0.9350093101429903,0.7962288118393586,0.9895419438031066,0.002348332090324,447
dart,0.8568774528377068,+,0.3170633722419579,9,0,71.0,0.38829837794954725,0.47176389433590077,0.8289359958968782,0.0023483604004973,147
dart,0.9987453666019045,+,0.5356270802932973,9,0,35.0,0.3481084441212803,0.3869345529415042,0.781983916730285,0.0023495750334641,470
dart,0.9304353752981733,+,0.1603113888341047,9,0,76.0,0.9263580004132613,0.8193598951431983,0.9193922649773798,0.0023500497074713,412
dart,0.8785753801972933,+,0.6800843924516158,9,0,72.0,0.8928868471025687,0.8889524686102738,0.7329103580030578,0.0023501933646943,467
goss,0.8914244053380449,+,0.06805068100201829,9,0,135.0,0.03875103115512557,0.42235991987786603,1.0,0.0023516888530665,98
dart,0.9176156253312175,+,0.5601785420165547,9,0,40.0,0.9049758628425831,0.9237617570608421,0.9628666104949997,0.002360022649129,291
dart,0.9009676953289606,+,0.277868146908401,9,0,49.0,0.8983421000460599,0.8808392073202218,0.9633502576101468,0.0023619511695788,414
dart,0.813381594519502,+,0.7122212702823185,9,0,115.0,0.6809327247777747,0.995234254026577,0.8307854094727559,0.0023721895572624,195
goss,0.8616293764721062,+,0.06297312994910936,9,0,121.0,0.000815282852435012,0.28080764075311915,1.0,0.00237443264078,111
dart,0.9524841791304198,+,0.1962907219405426,9,0,48.0,0.43258480458019655,0.7803662324516988,0.7677876170657258,0.0023766158094679,382
dart,0.8555355971508296,+,0.29387558924628643,8,0,79.0,0.9700034848131899,0.7994031150481955,0.6295061772955254,0.0023779578816135,366
dart,0.7360353502027764,+,0.25322639333934166,9,0,89.0,0.9079499125335133,0.7868750910557499,0.7999592501691328,0.0023787177627871,197
goss,0.911227773208058,+,0.15964202598474603,9,0,82.0,0.09311458482858362,0.3837606881001775,1.0,0.0023789444326659,136
dart,0.8410772291301505,+,0.19976999710964932,9,0,64.0,0.667653773193331,0.9273249837589479,0.7531052835588506,0.0023803612736829,321
dart,0.8005699124027186,+,0.5264409460699946,9,0,54.0,0.9837054905275537,0.5695905192732147,0.7274713767136227,0.0023860796798991,346
dart,0.9639097498683742,+,0.23509555252720524,8,0,86.0,0.870257741173639,0.9348868498128775,0.902755707400931,0.0023883612745461,233
dart,0.8991577045396147,+,0.12437884678183125,9,0,102.0,0.27553263862561783,0.7298221396217976,0.7528789330138385,0.0023889486801738,252
dart,0.9321901429601718,+,0.3005285403796062,8,0,65.0,0.7194041895177813,0.6419199166703601,0.7150542715932937,0.0023905375611527,318
dart,0.9502855950652602,+,0.24493856828070779,9,0,41.0,0.7900063241492375,0.9521007958125653,0.8636262075950172,0.002391194196909,450
dart,0.9765330142883729,+,0.7936506793784645,9,0,119.0,0.7782433063096463,0.9049495942916163,0.9307817939995306,0.002392352371605,288
dart,0.8754828418597346,+,0.11428086718780348,9,0,145.0,0.6645922058283444,0.7761225842342151,0.6892465909096805,0.0023923955005882,317
goss,0.9566859456543217,+,0.21809850275412412,9,0,67.0,0.10017561345427482,0.27220716825022173,1.0,0.0023955514744461,118
dart,0.9647916964292222,+,0.7691298294461867,9,0,137.0,0.8452776367472344,0.8946759027073296,0.9773941607107216,0.0023955803875169,357
dart,0.9995465352202775,+,0.12705683516706745,9,0,75.0,0.8624360061972772,0.8024911747073946,0.9996530827082958,0.0023968837385847,306
dart,0.8109501123410315,+,0.36844912352445836,9,0,49.0,0.5620032654066351,0.5253454286360928,0.802237859182318,0.0023971800120389,149
dart,0.8621632986516851,+,0.49074646027086544,9,0,54.0,0.793851004739111,0.5562538393468732,0.9465060027316703,0.002398562563694,208
goss,0.9992395667137771,+,0.1557076167831505,8,0,149.0,0.9066479341381632,0.6042836546745344,1.0,0.0024008815485351,499
dart,0.9958682013581281,+,0.23521165051168455,9,0,35.0,0.7671111293799633,0.7268907608402327,0.73753275765434,0.0024019612712269,213
goss,0.9654003993218532,+,0.04491365131945983,9,0,99.0,0.04944895679139094,0.16778460470471165,1.0,0.0024053400331442,129
dart,0.8236496112422357,+,0.3713764936409308,9,0,50.0,0.5519597431148008,0.9725996243900902,0.7641473746349525,0.0024058141608592,461
goss,0.9039932619345511,+,0.052107930449490865,9,0,94.0,0.10681682088695403,0.2195663725548473,1.0,0.0024099893443354,109
dart,0.9431740546794457,+,0.2152182028384816,9,0,42.0,0.8931588195854702,0.874973357624409,0.8057891285371365,0.002411924094957,495
dart,0.8246613655515238,+,0.3220329498556888,8,0,96.0,0.651646457884561,0.8983253149221293,0.9998249867438341,0.0024125268230488,378
dart,0.6316902438947893,+,0.39338666810969525,9,0,108.0,0.5030181320274284,0.9519398703078994,0.8787438627819997,0.0024268378852397,225
dart,0.9139042468650985,+,0.678444688299838,8,0,84.0,0.9947847001296382,0.9992588219150409,0.9580103365749016,0.0024322837885145,421
dart,0.9391440679920605,+,0.13913586972889871,9,0,61.0,0.567201110941892,0.7780591146646765,0.814058520847102,0.002434567768336,355
dart,0.8637365067008254,+,0.11169478519222019,9,0,114.0,0.9097483737589244,0.792002510374183,0.6698413693139428,0.0024429864014877,276
dart,0.7839142429861043,+,0.12144270261755234,9,0,127.0,0.8346672685264858,0.8184179783368002,0.959499535120958,0.0024476270350195,373
dart,0.825783863314591,+,0.7096357166560947,9,0,39.0,0.7642130638991305,0.9209438931590117,0.9292392947432212,0.0024481797791198,168
dart,0.9528413932720512,+,0.8291286817483363,9,0,139.0,0.779480292728399,0.9986548607269697,0.8772734190788433,0.0024505836007427,198
dart,0.8000405712379516,+,0.14545453043412554,9,0,75.0,0.8969196497395686,0.8327541802740568,0.9662492497500973,0.0024511675163236,166
dart,0.8945730547683368,+,0.23048980714396342,9,0,36.0,0.9485317602604867,0.8095551270080747,0.8422326501526773,0.0024582201176515,439
goss,0.8863343601744818,+,0.0887861511065901,9,0,50.0,0.16016767202961496,0.8039563117382126,1.0,0.0024593524023911,93
dart,0.8711944548217827,+,0.4165510784274566,9,0,43.0,0.7087948640409494,0.9996600545274461,0.6467906294143781,0.0024604072338599,351
goss,0.998072317153441,+,0.041044236902595024,9,0,86.0,0.24805049031349302,0.15365004353692924,1.0,0.0024645596127012,116
dart,0.930799943992334,+,0.8218982917141372,9,0,80.0,0.9790906472636185,0.8398777970887992,0.8986793628398007,0.0024656407153623,489
dart,0.9241813027997569,+,0.5471043922958796,8,0,51.0,0.8455155300916397,0.8152605750387639,0.8549552290177085,0.0024662904962028,179
dart,0.9694476159643217,+,0.17017862617331636,9,0,40.0,0.8466299811316823,0.8138634423475586,0.8862794564909773,0.0024663614505912,423
dart,0.9364618133809063,+,0.09740675864440522,9,0,92.0,0.9663950396014718,0.8283705068094355,0.9669911518015305,0.0024672538894244,441
goss,0.86984673233233,+,0.274912043345859,9,0,119.0,0.2606385245707469,0.32904039989071315,1.0,0.0024673914601981,131
goss,0.871294673051011,+,0.10597335686043698,9,0,46.0,0.8834298574461465,0.9799594505532648,1.0,0.0024703830806455,483
dart,0.9394498477796338,+,0.08747043759383329,9,0,118.0,0.9305650775206946,0.8472963621226359,0.8860203955662291,0.0024793394024914,171
dart,0.758038357045807,+,0.6073105169361398,9,0,60.0,0.7186663971276587,0.7626069198428432,0.7723648542199066,0.002492000264047,203
dart,0.9682629910314103,+,0.08166978320115786,9,0,134.0,0.6606323000843811,0.862697487303161,0.9541769244512879,0.0024920680089178,437
dart,0.974528176736307,+,0.25125607657125204,8,0,44.0,0.7250299641782184,0.6565830517117878,0.5464795490089634,0.0024954399769332,343
goss,0.8914734772112509,+,0.3029118388703409,9,0,50.0,0.16373427658687162,0.7938459657997561,1.0,0.0025019261497005,91
dart,0.7168196409169042,+,0.1572085635503997,9,0,98.0,0.7292142978756052,0.8814247799568539,0.8723430810805516,0.0025026290552911,212
dart,0.4959307119995339,+,0.5348386359743584,9,0,120.0,0.7631054338713844,0.9396340283916361,0.9349799243364965,0.0025031186690055,454
dart,0.9670543640098996,+,0.08570668490240646,9,0,115.0,0.5391366306970024,0.8889363764219581,0.6968231080537793,0.0025053737381534,319
dart,0.8309788799906771,+,0.7673569110700065,9,0,38.0,0.8661202277396679,0.924855033603794,0.9150787931954313,0.0025095462107208,180
dart,0.9833376056229595,+,0.5709812643853022,7,0,80.0,0.4280624212291297,0.6925524510799235,0.8894558532483839,0.0025109662140536,76
dart,0.9999047966397913,+,0.8618919302939639,9,0,109.0,0.9568428237817584,0.6114839565262905,0.9558201706439439,0.0025194068358086,272
dart,0.9311672160637081,+,0.4087173099051119,7,0,120.0,0.8673849089953339,0.5688609062473838,0.8303954548558276,0.0025198834950656,274
dart,0.9457640396902177,+,0.8721445359898845,9,0,100.0,0.9302371195564038,0.9460904842785461,0.9721713574838564,0.0025204879717547,290
dart,0.6174505218966441,+,0.708676014110076,9,0,141.0,0.40000163131947847,0.5792902468932751,0.8683263619314625,0.0025209035864474,144
dart,0.913088425339967,+,0.24303081969118806,9,0,31.0,0.9099057593219321,0.7377281988406724,0.9980026151244559,0.0025212378250625,264
dart,0.9859187679707841,+,0.2659118417212577,8,0,38.0,0.7973664498876786,0.763076608701729,0.8539296026408539,0.0025220341986257,433
dart,0.8759349039870323,+,0.8264812616467607,9,0,145.0,0.5233642631670195,0.700946399798006,0.7915146972323039,0.0025267986898316,157
dart,0.9103859825905553,+,0.1501475436194298,8,0,101.0,0.7456569452899982,0.7699277962153305,0.8120843521451718,0.0025278719097752,446
goss,0.7577701222661772,+,0.08851915979170355,9,0,147.0,0.09827588143334942,0.891695741212541,1.0,0.0025284696882872,97
goss,0.9281281365282319,+,0.3913050807510081,9,0,34.0,0.6830920199787712,0.830824891548825,1.0,0.0025388020582646,363
dart,0.942000103667584,+,0.8892113953226599,9,0,119.0,0.9985055879372939,0.7580881210821329,0.9114460729803071,0.0025407812368616,422
dart,0.9626369465452311,+,0.6163229445274362,7,0,122.0,0.6629831277951742,0.86625633809717,0.7474301384468518,0.0025441641312707,184
dart,0.8253790874997783,+,0.7532972275202042,8,0,126.0,0.3668791369150838,0.8463347150628654,0.9414565382207223,0.002547057967902,281
dart,0.8971651041036273,+,0.9730066652779644,9,0,53.0,0.8737491844126954,0.7734846703219992,0.8680651316567697,0.002547441515449,296
dart,0.9799529000771758,+,0.8858600608227977,9,0,36.0,0.7787011091152047,0.8930966304583929,0.8159001620402415,0.0025481653738711,186
dart,0.6423451530012907,+,0.17064984737088207,9,0,105.0,0.817690943702578,0.3621595807997151,0.7916986203553389,0.0025552078335989,345
goss,0.9985066580640943,+,0.4159686518849876,9,0,140.0,0.91487786932573,0.022914598015644994,1.0,0.0025619737785952,443
dart,0.9076322814252115,+,0.1315522913991737,8,0,130.0,0.8071554773986619,0.6172423110064936,0.6502830031575996,0.0025623476553903,201
dart,0.9994773463285285,+,0.9981751187339571,9,0,68.0,0.9626310578701639,0.5149272332179134,0.9544034155954065,0.0025623837245728,282
dart,0.6157112328417919,+,0.41901198090990777,8,0,68.0,0.4353937389548638,0.6913231628329379,0.7250838616410713,0.0025636161453709,72
dart,0.8831468033172324,+,0.10457635729233027,9,0,55.0,0.9341137460763755,0.8657474876294099,0.9990340396387464,0.0025667701886771,348
dart,0.798933407775726,+,0.15890421738006189,8,0,88.0,0.6895674813193078,0.810741152203063,0.8623338886927675,0.0025686404855017,256
dart,0.5557640685686053,+,0.17827101924066704,9,0,108.0,0.9061484652441272,0.8770311312928013,0.9451210053538297,0.0025715335297465,361
goss,0.7775199913659214,+,0.25941991593827396,9,0,65.0,0.6974570512492624,0.7814732240222407,1.0,0.0025740049657115,458
dart,0.887274608652344,+,0.44187716948179756,7,0,142.0,0.9523617448752987,0.9573508788544707,0.9654785571133466,0.0025749732017167,425
dart,0.8625667931225869,+,0.11001686730906368,9,0,51.0,0.8517410447166406,0.912806177475622,0.9785208698014802,0.0025807221802831,453
dart,0.8452899630764282,+,0.4382136242047188,7,0,80.0,0.437680344015116,0.8257884227070303,0.853672766614259,0.0025922219529733,74
dart,0.7415638249605181,+,0.08540894424627789,9,0,142.0,0.48441242898186293,0.8917598970618572,0.8955863069239831,0.0026020775653869,242
dart,0.5342550254211677,+,0.2700836938678453,8,0,83.0,0.9564175593764059,0.7740427676993724,0.7996298543485254,0.0026023041698192,189
dart,0.9228669567556487,+,0.10369514765209226,9,0,47.0,0.8548671485350287,0.9082978308585621,0.7990004133349988,0.0026144959752597,385
dart,0.9264854654893422,+,0.06318111701894825,9,0,130.0,0.6253292575032894,0.9011825216273835,0.8029335420627302,0.0026162643372611,449
dart,0.8329513429944897,+,0.6352042418111007,7,0,103.0,0.596688311393338,0.43431496247682105,0.9879232000921339,0.0026185132900629,347
dart,0.9890532658622934,+,0.5060255045631021,7,0,32.0,0.5014484849845526,0.6995690230190781,0.9989751910859663,0.0026194468151824,78
dart,0.38057495420859766,+,0.6597959150546479,8,0,112.0,0.7833077295393551,0.7370332866266397,0.5008616327998812,0.002619505499139,34
dart,0.9174689088193606,+,0.3557779998278992,7,0,44.0,0.4428293144375293,0.5040024558598839,0.8090385546380685,0.0026217151805676,81
dart,0.4733632602010147,+,0.3156219347762253,9,0,60.0,0.6810194934570871,0.8840457387135471,0.7405796871530337,0.0026224453950906,333
goss,0.9083197305595868,+,0.45728369434550736,9,0,72.0,0.7577379448266549,0.9572572594270291,1.0,0.0026254711526151,342
dart,0.44926742906393086,+,0.3251335382399928,9,0,121.0,0.41581594752096523,0.7081196555537581,0.6269473308871091,0.0026269548031626,253
goss,0.9096231086169285,+,0.36453033318051087,9,0,33.0,0.38907486201806,0.9477856400226744,1.0,0.0026279077579364,370
goss,0.8111540579915979,+,0.02632296242012302,9,0,135.0,0.02472820076080233,0.9454159534423784,1.0,0.0026295128837756,95
dart,0.9486630160262237,+,0.27937537455870715,7,0,73.0,0.46778671843216485,0.8176838002707121,0.8529369672046824,0.0026312798184516,75
dart,0.8358124521649931,+,0.5678451082150857,7,0,85.0,0.5302540341865194,0.8329649693763266,0.9717450933533052,0.0026341857461552,85
dart,0.5693473540805062,+,0.4190088888678604,7,0,145.0,0.8635970103359554,0.6525031460733444,0.8586387608921351,0.0026344108376298,490
dart,0.7669607150335179,+,0.27127101318756475,7,0,80.0,0.9568889660957653,0.9209087409752788,0.9225769705277557,0.0026411440164055,359
dart,0.3778996639628857,+,0.25682384707867206,9,0,113.0,0.8544831769581913,0.9127202917265265,0.9244147887926822,0.0026423450956842,247
dart,0.6985481665120646,+,0.9793452785663598,9,0,137.0,0.6835014566060488,0.6486342250165379,0.9992560875423019,0.0026486272216302,151
goss,0.8714614779349056,+,0.030691792429225123,9,0,63.0,0.14113191919033102,0.48579170505419367,1.0,0.0026588385422189,122
dart,0.9564220894300817,+,0.23638273028144466,7,0,108.0,0.3786919830142024,0.6486604617991735,0.8439330929244399,0.0026601627017993,83
goss,0.8169387463879423,+,0.49571741282668264,9,0,79.0,0.9985995573172849,0.9424762411948803,1.0,0.0026667217873649,491
dart,0.8136236613165657,+,0.6308906564248978,7,0,55.0,0.5989915109984665,0.9891328430433417,0.9224615620326003,0.0026683145696119,80
dart,0.4168246570891,+,0.23338735010385017,9,0,103.0,0.9626338911683957,0.8963513972226365,0.7129495719594978,0.0026710756636102,474
goss,0.8799567475840493,+,0.03593189325179092,9,0,50.0,0.15673987258786082,0.7938288078191017,1.0,0.0026735944242849,94
goss,0.7314507465983969,+,0.04809496566249061,9,0,96.0,0.2543903417225357,0.32619915880880734,1.0,0.0026770353241319,104
dart,0.9844937083944987,+,0.06273259356853622,9,0,98.0,0.4695646509357089,0.9056443485666276,0.657182166699626,0.0026789391849142,340
goss,0.7948169970740611,+,0.07044911504725651,9,0,52.0,0.2193293629277388,0.23875578533992595,1.0,0.0026857695977794,103
goss,0.8532303764526803,+,0.027110229243646106,9,0,79.0,0.12696148177444072,0.08056422992243314,1.0,0.0026914148050917,105
dart,0.5517123068416596,+,0.4607678409999714,7,0,62.0,0.9788417651536331,0.9196972216775503,0.9151324787823119,0.0027013934988447,228
dart,0.9998234135239695,+,0.11447305011745182,9,0,30.0,0.7705577460148268,0.8306907848953118,0.8925648860283917,0.0027014637221993,419
dart,0.6132386989164262,+,0.2535077061771373,9,0,45.0,0.6006273823957661,0.8494334805357927,0.7219618826048757,0.0027015227345722,314
dart,0.7757722537290104,+,0.889027286362175,8,0,129.0,0.6413257948763919,0.961631347417727,0.9693489395852799,0.002704253598579,245
dart,0.5002925667637224,+,0.9039958643469604,9,0,100.0,0.20565638082441953,0.7540517468203563,0.9527819526036587,0.0027121402282216,140
dart,0.974715566738537,+,0.9921442961745685,9,0,146.0,0.9981106228258203,0.6601352861357122,0.8867140244512339,0.0027142089495626,267
dart,0.3300490224102234,+,0.43510925401935296,9,0,110.0,0.8931847575822173,0.9984472806822989,0.9549660802112415,0.0027202713876842,294
dart,0.9645184560978142,+,0.09616590376425989,8,0,91.0,0.700313525543145,0.7118057246186043,0.7125496350993954,0.0027221892676685,330
dart,0.9994836316262775,+,0.43079037622118815,6,0,59.0,0.7877347769778074,0.638881650436322,0.6757360248550681,0.0027273657100256,375
dart,0.7155373569063381,+,0.9929142628447426,9,0,50.0,0.8025546476286818,0.6857245502873873,0.7712626848708253,0.0027341931273872,337
dart,0.7878395269784735,+,0.0722458452550951,9,0,74.0,0.9389456037235314,0.976476958795681,0.6839724345734712,0.0027418502565564,206
dart,0.7491228334520936,+,0.1821600088746539,9,0,34.0,0.9065499048526657,0.9140971642642562,0.9707166001755867,0.002750867012819,487
goss,0.8173923200589231,+,0.3344821611049423,9,0,120.0,0.3165925191097787,0.0234694369480907,1.0,0.0027524344134665,133
dart,0.9411133458896161,+,0.6182637471185125,6,0,63.0,0.9990375427813794,0.8586585796532664,0.9923225214512257,0.0027557043876497,277
dart,0.31482002144374593,+,0.20394169364311204,8,0,95.0,0.28370057891069744,0.7724874688342453,0.5822352779518865,0.0027659846517095,40
dart,0.9779669647615963,+,0.051771046326302264,9,0,131.0,0.8607316454411339,0.9705873531083347,0.8488025632048326,0.0027678893893924,365
dart,0.8560569812902137,+,0.8620436577875795,7,0,80.0,0.43014489947320683,0.9414678637176066,0.8862866597423094,0.0027729659353057,77
dart,0.941764357751659,+,0.4250924317233404,6,0,92.0,0.9969563410227127,0.9692344044682714,0.8808281345061523,0.0027773170999801,183
dart,0.31564554829768354,+,0.1794795316915778,8,0,113.0,0.2660805137404189,0.6257947768707528,0.5960081612681762,0.0027896177793299,41
dart,0.9988325085353605,+,0.1650011911117855,7,0,70.0,0.7860433995432061,0.8628965320472187,0.7877274602714969,0.0027975556467766,299
dart,0.44043648237985,+,0.2627875270279465,7,0,114.0,0.9453541110234286,0.5550983486676793,0.8887811845425868,0.0028110454045725,395
dart,0.4678780801121627,+,0.21575159697007465,9,0,70.0,0.7944525608499946,0.9501663872891546,0.9557057828037154,0.0028142271919495,174
dart,0.4268832267608866,+,0.6706201931152104,8,0,60.0,0.7624887853924462,0.764207291144754,0.5119324035691837,0.0028162005585586,35
dart,0.847007713415953,+,0.34136590500145036,6,0,101.0,0.9621824510644323,0.8470451969384915,0.8496569033562522,0.0028168459633635,196
dart,0.35551814178637237,+,0.17592683142689206,8,0,113.0,0.22993946513915972,0.5238674407409155,0.5934972906685583,0.0028184504489101,66
dart,0.8784326735666178,+,0.3917804188680723,6,0,145.0,0.7253639845371509,0.9967747209742261,0.9907716458440594,0.0028251042533115,289
dart,0.7860925286371592,+,0.07945813815048874,8,0,139.0,0.5551374804830074,0.834715801052906,0.8137820880408706,0.0028307171870172,59
dart,0.8466853243377286,+,0.49967346297438164,6,0,77.0,0.8943827612333133,0.922031827741508,0.7231541403110321,0.0028318577298769,442
dart,0.8859481538513515,+,0.5210503320267145,6,0,30.0,0.80636033015764,0.9100042215682324,0.8220146880208837,0.0028395064077203,303
dart,0.6803677108078572,+,0.14008311608849466,9,0,43.0,0.6228612517094032,0.8471652874489238,0.7939012444684257,0.0028400249327686,223
goss,0.7811489617628402,+,0.5191031382884872,9,0,77.0,0.5566077268020395,0.907774414286667,1.0,0.0028420675531251,327
goss,0.752563827067021,+,0.07586133398447371,7,0,117.0,0.3386120677734953,0.9117854962617801,1.0,0.0028476700833816,82
dart,0.6230684110522096,+,0.13747850890450536,8,0,57.0,0.9253512192654189,0.8778153600040383,0.9491001657525627,0.0028490920933826,459
dart,0.8733271920866401,+,0.3532212334245531,6,0,97.0,0.9741390079101063,0.9869488869229458,0.9852526240641845,0.0028524810634614,173
goss,0.6581356627146759,+,0.11531126349033909,9,0,56.0,0.08494318285222,0.7226281867958761,1.0,0.002858082092047,96
dart,0.5251592955917475,+,0.3651980089878538,6,0,118.0,0.7851097134729335,0.8060972529085372,0.6085468544049717,0.0028623140868516,326
dart,0.7641459660756011,+,0.09777443996730631,8,0,44.0,0.8980417937117664,0.8944281368551382,0.8169416607008417,0.0028743540867915,222
dart,0.6261322043276172,+,0.9973029903699006,9,0,68.0,0.59701020009024,0.7486444365663512,0.959779306421741,0.0028750205783757,73
dart,0.8200826786581428,+,0.07725259732211152,9,0,32.0,0.8147985267479012,0.6520696388483419,0.8331996722869247,0.0028795926947773,231
dart,0.942676578125009,+,0.04553310294003755,9,0,97.0,0.62712770753638,0.9535763253462941,0.7728856838571213,0.0028843070360157,324
dart,0.4380250478301826,+,0.6549735644453005,9,0,45.0,0.8268038672136027,0.9050263538034807,0.9327275305681698,0.0028943542535806,175
goss,0.8931223214380856,+,0.13465022233777155,6,0,106.0,0.6983614051025117,0.6518118077553284,1.0,0.0029064587752557,398
dart,0.9812805998223412,+,0.15014121257878738,7,0,38.0,0.6482739231960466,0.8172174526691786,0.6760422181468568,0.0029090055030561,310
dart,0.8402180945214062,+,0.8662874312303742,6,0,117.0,0.7981095000196199,0.7279082071005369,0.8081988839983362,0.0029145305239103,362
goss,0.885290414777678,+,0.4332696269087773,7,0,80.0,0.5444423868270003,0.8771627939615009,1.0,0.0029284444035392,79
dart,0.1320971801930364,+,0.4976215145147243,9,0,138.0,0.9572638221843386,0.996438509016047,0.918080444173551,0.002933610467899,388
dart,0.943321765342713,+,0.9884562886541597,7,0,78.0,0.8225376063245285,0.9555115667126355,0.8798639260473138,0.0029355665984812,438
dart,0.8461923985276498,+,0.7351182977441739,6,0,42.0,0.5600433065662799,0.7116937824662279,0.9585379388462566,0.0029403439937567,230
goss,0.9434526843839922,+,0.09908322666675479,6,0,88.0,0.3791966954975805,0.19587229099641346,1.0,0.0029462172012987,130
dart,0.30871341596844304,+,0.1442322471869205,8,0,72.0,0.042485268286042405,0.47066358367302835,0.6068086140677529,0.0029502678592403,71
goss,0.7946249957744489,+,0.11536836473079923,6,0,148.0,0.06932221221827974,0.6332684261082664,1.0,0.0029576090683806,138
dart,0.9987027684845386,+,0.9863301613909173,7,0,41.0,0.49220686218475784,0.7605992313043461,0.7287741977172691,0.0029593036452926,322
dart,0.31085589950086323,+,0.3225393937758318,6,0,98.0,0.9610683203322608,0.8280881461896312,0.911197606116248,0.0029694910865657,455
dart,0.5848544109777882,+,0.7834454620372308,6,0,98.0,0.3145366947441319,0.3425705924903517,0.6387557841625324,0.0029713076578822,65
goss,0.999703458421272,+,0.585236338739429,7,0,89.0,0.9840869651568548,0.6872864219285025,1.0,0.0029716527233386,451
dart,0.27695205766010833,+,0.6497969404743071,9,0,55.0,0.6951857863787738,0.6984180925052084,0.8643422971928136,0.0029733306053559,217
goss,0.6021359879227064,+,0.32581367701603875,7,0,59.0,0.9200092264373162,0.5434030676903124,1.0,0.002978066575504,9
dart,0.9730950341324563,+,0.11703512350739723,7,0,73.0,0.8298532606770506,0.9086153026306611,0.9649872366754286,0.0029818074985795,215
goss,0.9736762830774628,+,0.0958563764912011,6,0,87.0,0.14895609547011202,0.3304088425452882,1.0,0.0029865134294543,115
dart,0.9383286575957343,+,0.9950086194616986,7,0,54.0,0.8728439372087407,0.841891261771924,0.6702121449010422,0.0029931232097366,464
dart,0.22921439953962627,+,0.6356845174184786,8,0,112.0,0.7745152273689289,0.9189861195539945,0.515033433863467,0.0030060227210384,37
dart,0.9995593392380823,+,0.21314271573660243,6,0,66.0,0.9754364695411049,0.841732404762112,0.9763352275300483,0.0030164888540484,429
dart,0.6838609917528864,+,0.7426241325605522,6,0,125.0,0.9666992781340905,0.7459406194926033,0.6749957856748535,0.0030211184553392,338
dart,0.13308713956676776,+,0.4322670985507517,9,0,134.0,0.8534315937028161,0.8729845337823214,0.8075275757984501,0.0030214733235665,200
dart,0.22989698498451738,+,0.5575507386168922,8,0,69.0,0.9006096315496328,0.7219456353684874,0.6030381287862612,0.0030227290789626,64
dart,0.9638739262512409,+,0.20930888071373513,6,0,124.0,0.7773934789672455,0.7845661968215323,0.9356423347444212,0.0030230470334559,251
goss,0.6538134426752642,+,0.02088933597601654,9,0,143.0,0.9515108954753912,0.42438667259827195,1.0,0.0030240618015078,125
dart,0.7227237227374861,+,0.1112217739607033,7,0,61.0,0.4242850332739216,0.5953981664797651,0.7333898243413239,0.0030457102600669,87
dart,0.9327373192578075,+,0.10725126666747502,7,0,142.0,0.607735219381448,0.8238492034552888,0.719431972893423,0.0030464420343246,194
dart,0.21310469937974297,+,0.6308757973445996,8,0,66.0,0.8137530076708024,0.9650407410673287,0.9145098564864207,0.0030562782871973,293
goss,0.9691746859658354,+,0.01909656699405697,9,0,42.0,0.022708926244850106,0.10466374381717614,1.0,0.0030597941198976,101
dart,0.8517958018236371,+,0.9906627199284893,6,0,118.0,0.9992123991799681,0.7558037295968187,0.7399127712760879,0.0030611410788656,386
dart,0.40137211549652496,+,0.19434049321477978,8,0,35.0,0.37165570772405704,0.567551138802972,0.6829212812209156,0.0030660781036674,69
dart,0.2855683035000766,+,0.1066313762716861,8,0,134.0,0.004148688742986073,0.5999339561972007,0.8230647981791861,0.0030738477012005,48
dart,0.8941666773975596,+,0.037185067347187704,9,0,72.0,0.8797532661433234,0.8569628476099695,0.8401651348926474,0.0030838888469938,209
goss,0.3769969924004128,+,0.32288215654127006,8,0,92.0,0.8573377300251538,0.6984267504928716,1.0,0.0030967283385526,32
goss,0.4790765690020953,+,0.0634328054400703,9,0,59.0,0.9806246096666638,0.15257507171296741,1.0,0.0031010214195282,22
goss,0.48838761967583344,+,0.06251467198600327,9,0,59.0,0.582679309064877,0.11756562199078424,1.0,0.0031022503980725,24
goss,0.6783085480612665,+,0.04254897314829509,7,0,122.0,0.7611407990998922,0.307407412929321,1.0,0.0031022899711561,28
dart,0.508236287008155,+,0.5847712755819935,5,0,62.0,0.8225814192162516,0.8557456461787496,0.9702783527320954,0.0031027584306402,360
dart,0.8650625126920463,+,0.027224616732275643,9,0,85.0,0.934936070457191,0.9816338510411197,0.8552093817630858,0.0031146975903765,220
goss,0.5459938480400892,+,0.09297008081786479,7,0,53.0,0.5831496207877191,0.4787216064146504,1.0,0.0031199263045161,30
dart,0.958348417973355,+,0.18646174036875138,6,0,84.0,0.5790881425892966,0.5973080794181014,0.9623018828958013,0.0031200859104401,156
goss,0.8181000079880777,+,0.5929687031410511,6,0,123.0,0.582011560162485,0.7455223810711371,1.0,0.003125637632933,313
goss,0.9988798673172004,+,0.15972453624391753,5,0,120.0,0.8097068236765395,0.963505605933943,1.0,0.0031383498823146,384
goss,0.6711369410712116,+,0.012958950185502171,9,0,114.0,0.003359148361779536,0.5645859345205062,1.0,0.0031418740667903,134
dart,0.9249687097890511,+,0.4348104152306331,5,0,127.0,0.9375471266758502,0.995993388856802,0.9860057688514836,0.0031421301269896,248
goss,0.6343227242094625,+,0.059805090131054756,7,0,78.0,0.9924136273261822,0.034308661477549796,1.0,0.0031422792253521,23
dart,0.9871032767519863,+,0.3283002911950469,5,0,65.0,0.9162903749039699,0.9943066805858777,0.8349675876344673,0.0031425763254894,181
dart,0.8847828798976406,+,0.2998479726372156,5,0,123.0,0.9833745001524844,0.7967538078276045,0.7568968911533137,0.0031448127167411,193
dart,0.45253817588034945,+,0.13354610937156114,9,0,41.0,0.7223657795095169,0.4910816911078127,0.7294837046286338,0.0031513863341675,60
dart,0.9051984510097736,+,0.2651173572816599,5,0,66.0,0.7477135685531591,0.7871178970993934,0.9918532766608733,0.0031549045083508,172
dart,0.7018372043070167,+,0.16559645629636024,6,0,138.0,0.7641221043316448,0.6885322221006032,0.8828206409016316,0.0031595255018187,240
dart,0.9816047256887568,+,0.2946117214264594,5,0,95.0,0.8493094941541209,0.8831426743353814,0.9228337768425113,0.0031714795938385,275
dart,0.9633600414858827,+,0.47079571643119394,5,0,148.0,0.8509902545344139,0.8832245156943325,0.975385649054218,0.0031720160875222,287
dart,0.3868379535619275,+,0.99153266420364,6,0,51.0,0.4036477402012822,0.6863065870212848,0.5844238351002953,0.0031842168103551,39
dart,0.808509515687277,+,0.26919676425845696,5,0,142.0,0.9546416424663331,0.7531910866774634,0.933871178361223,0.0031918164358887,298
goss,0.9483707632541347,+,0.8337326060016232,7,0,57.0,0.917853835722732,0.5007631839531321,1.0,0.003202025945757,335
dart,0.33550048959488754,+,0.1062102360176387,8,0,57.0,0.2716464222216956,0.6112455024366776,0.5238363115488553,0.003214318231456,67
dart,0.9998638887787387,+,0.033028642367687135,9,0,126.0,0.5121980393879237,0.8478629554582526,0.6518595076192478,0.0032297087653757,399
dart,0.7049030913415704,+,0.6835229808543003,5,0,145.0,0.7052557709384668,0.7113790662771099,0.785540263656277,0.0032336466778931,372
dart,0.298775293573213,+,0.6734913693594842,5,0,130.0,0.5777267361026932,0.7244191545898702,0.5644166891841357,0.003234352129222,323
dart,0.7340489841726647,+,0.602838050005553,5,0,90.0,0.975824366800169,0.9317738826546396,0.971313643560764,0.0032356093313549,396
dart,0.9830603197359563,+,0.09031649383317851,7,0,87.0,0.7573523800760014,0.3176942486618157,0.8966238764181423,0.0032482773743255,383
dart,0.6395314270029687,+,0.5897768269771881,5,0,110.0,0.4880225861180821,0.6729694337465671,0.939012086969208,0.0032575889839122,145
goss,0.7387535372436002,+,0.3275994794621263,5,0,81.0,0.5091027251962014,0.6254195541015191,1.0,0.0032634463750932,349
goss,0.5408067365587504,+,0.25047993262451407,6,0,144.0,0.07655823918408619,0.30490559123303157,1.0,0.0032651717317769,123
goss,0.5941183661785389,+,0.0013703263382023078,9,0,110.0,0.8257376063391705,0.17716352176232306,1.0,0.0032779136522761,29
goss,0.9013826536860414,+,0.01021471974781848,9,0,124.0,0.11933190790337772,0.20826112871027255,1.0,0.0032896407334018,120
dart,0.1888221568746554,+,0.34434505630730483,8,0,125.0,0.1338672990946276,0.6260983793610516,0.570887059950256,0.0032953320341881,68
dart,0.9816904122918044,+,0.08773738658793194,7,0,137.0,0.6469581246614493,0.9346226925231583,0.9212124707380296,0.0032976629479778,478
dart,0.3529693998936655,+,0.9960938924932797,9,0,105.0,0.8613114254038089,0.809298142037348,0.7814322968539156,0.0033112264894242,219
dart,0.9646623148156215,+,0.13240477434433062,6,0,32.0,0.7215602690300807,0.8938361499565052,0.9131602261851761,0.0033337995282973,494
dart,0.9820698026618466,+,0.1922932229993255,5,0,39.0,0.8625777259088002,0.7039657181900374,0.9990273889514616,0.0033442435644918,440
dart,0.9172766683900873,+,0.20414278289088814,5,0,74.0,0.4101041478155583,0.7251630902902199,0.6825116115845734,0.0033464569629247,479
dart,0.1371013419400891,+,0.8114949024373403,6,0,83.0,0.3628440486023303,0.9615024576089638,0.5570845906688798,0.0033470441528193,55
dart,0.5560660717587548,+,0.04389000590338568,8,0,54.0,0.24274706229727422,0.6642969838268027,0.8960235076243145,0.0033519260657083,57
dart,0.7514866679606091,+,0.21898972979934292,5,0,134.0,0.547613045009736,0.875923062483184,0.6385007392077634,0.0033571144834061,311
goss,0.770529345557966,+,0.1303043816459695,5,0,37.0,0.1729563689516756,0.5410586589984844,1.0,0.00335873011674,121
goss,0.44884991224972925,+,0.4197356777180991,9,0,118.0,0.7753643788278823,0.6170793585023162,1.0,0.0033600319058386,8
goss,0.5209452439426709,+,0.03228410557099035,9,0,36.0,0.45666382035210806,0.12660365844510268,1.0,0.0033725620636309,27
goss,0.9372890914273414,+,0.010431557173819585,9,0,135.0,0.05414904148181878,0.000774792589427753,1.0,0.0033811792423265,102
goss,0.3123569062459326,+,0.06998595523235711,7,0,118.0,0.5563257022020682,0.2653345458729339,1.0,0.0033879037145921,21
goss,0.5795643530313868,+,0.00213446151478151,9,0,90.0,0.28674931622905275,0.5068808198052621,1.0,0.0033889674802879,126
dart,0.3481354220047058,+,0.734049307276715,5,0,139.0,0.6700480854511857,0.7362628184113574,0.8925307490054039,0.0034113053651229,452
goss,0.9364152614870233,+,0.016670519503352535,9,0,34.0,0.10910744678599536,0.8576799616995752,1.0,0.0034257955386897,92
dart,0.8650364078024984,+,0.02322181001222206,9,0,59.0,0.9030377005207392,0.8769990294811751,0.8701989400731693,0.0034549971769691,249
dart,0.34075921066108245,+,0.12356373872773177,6,0,95.0,0.17972209681473422,0.8586807449272768,0.6624051899796849,0.0034616049267004,42
goss,0.9140787752287667,+,0.41738120574104254,4,0,74.0,0.6155101034228638,0.6786143652103531,1.0,0.0034657266552281,86
dart,0.38976716925306665,+,0.46669469737769614,4,0,101.0,0.1363735934213956,0.7440419039100385,0.7883782120562777,0.0034743657455965,52
goss,0.8233309115992721,+,0.2893228829861475,4,0,38.0,0.6810391246607139,0.6921104520712689,1.0,0.0034787783931108,18
dart,0.9238560307763466,+,0.55018762234503,4,0,128.0,0.7123770079798428,0.8560747473320739,0.825615495327472,0.0034851608748035,158
goss,0.25659255025665173,+,0.20743671001679864,9,0,84.0,0.013183035637853835,0.5271098077466071,1.0,0.0034977964134813,14
dart,0.45842533048262346,+,0.02108404331394602,9,0,58.0,0.6067031720490547,0.751410817003954,0.9714423584193157,0.0035080141029512,460
goss,0.8279123335158634,+,0.0038836007810552405,9,0,131.0,0.03305421887746497,0.29659223415494274,1.0,0.0035084373105815,107
dart,0.9064367384706872,+,0.8328600620745562,4,0,39.0,0.6124227383684451,0.40043453662277384,0.6228147934648954,0.003513744427641,316
dart,0.6066225275482511,+,0.6190262158788608,4,0,147.0,0.8367604612331547,0.44426128192962944,0.8457519856271342,0.0035155338928701,497
dart,0.5898246437301441,+,0.19402206772717667,5,0,69.0,0.8494007944493,0.7917604095807791,0.6934644272467794,0.0035163558796668,336
dart,0.17878490670066316,+,0.5072440276155487,9,0,52.0,0.30034488500882617,0.8537667928044446,0.7423732570965116,0.0035223649152668,237
goss,0.9266760308054706,+,0.17333150223120078,4,0,129.0,0.034994351484032925,0.25524289417380175,1.0,0.0035241057076494,124
dart,0.9589423781733613,+,0.7684058603483748,4,0,145.0,0.9274851086800732,0.778133256504934,0.9356172624574183,0.0035318364764219,432
dart,0.8443109758932099,+,0.003312598354991196,9,0,133.0,0.816337939277378,0.6691374749288993,0.8466451130298344,0.0035394357692393,280
dart,0.9997008018073883,+,0.8566288410409735,4,0,45.0,0.9808860151665116,0.876576821834613,0.9093862018962763,0.003555261428239,444
dart,0.8874990582212284,+,0.8117931706064277,4,0,56.0,0.6542037356852324,0.6345230883677042,0.7655710271737702,0.003563011869351,221
dart,0.8632317123949967,+,0.33975877851423325,4,0,144.0,0.7302256095991676,0.7378444486041847,0.9800427016278912,0.0035736411808168,401
dart,0.4105807075238055,+,0.7139564472744643,4,0,133.0,0.883315277380862,0.8373883555532842,0.7575408632394408,0.0035823126636455,3
dart,0.3696500508133823,+,0.037442680866824646,9,0,46.0,0.741215569910984,0.6983151265813541,0.7636417182324133,0.0035878058066859,358
dart,0.9486530702947131,+,0.37937325210031997,4,0,37.0,0.9606331892355944,0.8246705061472726,0.7794093106165458,0.003592867694674,243
goss,0.7474387830916178,+,0.017039498823072867,9,0,40.0,0.3584815225733641,0.8791358871980453,1.0,0.0035949964548062,12
dart,0.395835911070308,+,0.7104536264012967,4,0,36.0,0.9998527844173368,0.9807875078003958,0.9661594917538902,0.003596689843182,305
dart,0.7828998889241121,+,0.05305754076120404,7,0,43.0,0.7313359146549177,0.3725418720313594,0.7834961765746284,0.0036089053864801,89
dart,0.8733552472548555,+,0.14080903786978688,5,0,149.0,0.32526790177114584,0.7435141043342393,0.7615151593938875,0.0036144555335558,239
dart,0.9462129171068572,+,0.024773933552562542,9,0,61.0,0.8321100745131385,0.8551100436752705,0.889715528449328,0.0036246667862673,480
dart,0.4628567758072155,+,0.17366283116757708,5,0,77.0,0.18775361876094626,0.9036039054011896,0.9276919589965964,0.0036247699922581,50
dart,0.9988901946123004,+,0.9934438741316532,4,0,122.0,0.8923048483419158,0.9472097338479324,0.9007234804779065,0.003624980024257,187
dart,0.5342771874771952,+,0.8842438399337873,4,0,44.0,0.8485695792586785,0.9602350982887091,0.8685974692422302,0.0036290015239254,471
dart,0.9552912111659354,+,0.30481601445496354,4,0,103.0,0.5340421948614595,0.8342946637852204,0.9019944770567674,0.0036346742951628,210
goss,0.6330464081664933,+,0.965608846072151,7,0,59.0,0.9950942978273434,0.20108577791758558,1.0,0.0036428261778981,25
dart,0.7934919992890066,+,0.3288333535672449,4,0,46.0,0.599567690980777,0.9728235806149621,0.808552447949858,0.0036470685637155,232
dart,0.5965191396709343,+,0.08902039445090057,6,0,91.0,0.7518023785855141,0.9569885192243733,0.8652710016726984,0.0036676784331287,207
goss,0.8542035094337143,+,0.7703703783495217,5,0,119.0,0.8062043063894496,0.6708717191953304,1.0,0.003708042645577,466
goss,0.8471800206642264,+,0.40088850132309634,3,0,78.0,0.7625084901743365,0.7206731887110064,1.0,0.0037261828687439,307
dart,0.9127789326600112,+,0.1296731100407676,5,0,70.0,0.6946896343853821,0.28813841028148135,0.8694735790425897,0.0037340779195593,19
dart,0.887825138350456,+,0.0037941814576742863,9,0,132.0,0.9308530039361412,0.8142824207273511,0.8829172834201815,0.0037397414225027,493
goss,0.7797218315351517,+,0.504744099683512,3,0,64.0,0.12470065927231533,0.5158321119303967,1.0,0.0037426959614448,17
dart,0.9030074064773659,+,0.25330937625333694,4,0,131.0,0.8545145878252738,0.781688740453559,0.835113892616503,0.0037475087455204,485
dart,0.5713390544916959,+,0.0011591292216812763,8,0,75.0,0.8751118984907046,0.3977858693319253,0.9762269284769697,0.0037696407698265,20
dart,0.9158446698577283,+,0.2427599242808864,4,0,82.0,0.9754781499467912,0.9668321156464139,0.8118198354210773,0.0037905648515975,279
dart,0.9703603065969161,+,0.12324067893023008,5,0,132.0,0.8782982396446168,0.9342074764802946,0.9753723566051872,0.0037937205697132,163
dart,0.8651115148681421,+,0.12611700534216747,5,0,133.0,0.750557597462791,0.8668514915267537,0.8192996332582326,0.0037942173514116,427
dart,0.4915527984371457,+,0.28654335819486026,4,0,130.0,0.942009527643324,0.5780074754649518,0.6617168151043583,0.0038013506168111,58
dart,0.2278089173854091,+,0.1974336724836709,5,0,81.0,0.6363094537777997,0.65987966913721,0.9261315844708746,0.0038140390252553,204
dart,0.9722804295849315,+,0.824505081404165,3,0,31.0,0.6355153154085311,0.872114903440499,0.7052100264256016,0.0038190867652868,392
dart,0.43034932484350674,+,0.002880816327616994,8,0,60.0,0.6384134477550729,0.8167324077454597,0.5819921911802118,0.0038418796822181,38
goss,0.6579448561767343,+,0.14032653007413043,4,0,133.0,0.43802918644092326,0.7995534416071729,1.0,0.0038617007181329,6
goss,0.4727067692369845,+,0.6659871452045142,4,0,145.0,0.727725743177325,0.41010395885331374,1.0,0.0038623971528033,2
dart,0.7679112983438685,+,0.007868349557126944,8,0,92.0,0.888170360270586,0.9375282939547013,0.5126625823049852,0.0039075017577263,304
dart,0.8912207548976767,+,0.07954496857360234,6,0,132.0,0.9551342631662956,0.9960626784736502,0.9369637825592415,0.0039137162750987,164
goss,0.9984605495435079,+,0.2168854576050293,3,0,52.0,0.8825426649794638,0.9820818670157822,1.0,0.0039208619781483,356
dart,0.9678715424041705,+,0.9519403385902165,3,0,122.0,0.814585092594148,0.8871254900967398,0.974162491148318,0.0039384024080586,178
dart,0.9993879043551291,+,0.19940653014799975,4,0,145.0,0.8372183494701677,0.8364957573879661,0.9436635452994875,0.0039713676631524,292
goss,0.18691301409832783,+,0.2560320558522933,6,0,132.0,0.17187156139656068,0.8123959883573632,1.0,0.0039772290547045,5
goss,0.7371657292224756,+,0.7485519431083472,4,0,126.0,0.8474931748624248,0.44632280143740577,1.0,0.0040079670526124,132
goss,0.9985194535943231,+,0.008506540203703594,9,0,102.0,0.002732216158599976,0.421605575198024,1.0,0.0040092519124078,99
dart,0.5730553799868553,+,0.01918797809683442,7,0,94.0,0.9992141908112503,0.9436760541691551,0.7989470981457365,0.0040105928044367,250
dart,0.5674868858468987,+,0.1998319946299974,4,0,109.0,0.2397462764547309,0.6104408004135913,0.8384907344932301,0.0040256145761478,141
dart,0.9812896012356745,+,0.5664083113030566,3,0,120.0,0.7529286015861538,0.08382176964574228,0.945807415859882,0.0040613723699167,488
dart,0.9572931837444629,+,0.4563441081412301,3,0,81.0,0.8210997782307725,0.2949921421361634,0.8781767453328723,0.0040645157254899,462
dart,0.668231821248201,+,0.98523419743618,3,0,42.0,0.9295342779820768,0.6659470220584203,0.8362555849823962,0.0040653357722014,368
dart,0.7674961048215602,+,0.4903800031760429,3,0,128.0,0.4644216691916526,0.715533181944217,0.9099887606722117,0.0040889963594876,143
dart,0.8970983503790042,+,0.1848152975776706,4,0,83.0,0.9043482430989255,0.7120713474118299,0.9174952085792548,0.0041253347506565,457
dart,0.7563338972502472,+,0.5451247766087903,3,0,129.0,0.6140845004484705,0.8565632178631043,0.9373982168388629,0.0041680593064531,381
dart,0.8972834365040816,+,0.0011878475308563648,9,0,142.0,0.9976708575547047,0.9389645584670828,0.5269884077015815,0.0041751785812813,353
dart,0.1645281922266111,+,0.4976436018901338,8,0,97.0,0.23232429203853155,0.9318110219330945,0.6350990699658389,0.0041797483664178,43
dart,0.15546339413441185,+,0.6967410839117834,7,0,84.0,0.7986952322948366,0.9456551564652147,0.9957565532690885,0.0042507102852887,286
goss,0.8351598085954042,+,0.16971993201927307,3,0,110.0,0.9990810125817965,0.8929537755604583,1.0,0.0042578972218069,435
goss,0.9998516260415712,+,0.15260283077072123,3,0,43.0,0.9424682419774058,0.764020969518349,1.0,0.0042714239616117,475
goss,0.8588274363239383,+,0.00842283299752133,8,0,136.0,0.3072581638887394,0.8814784176329411,1.0,0.0043091228155143,13
dart,0.8358647941193137,+,0.0025973309968097334,8,0,117.0,0.6728830564335131,0.6806328231048538,0.8859673014907237,0.0043631235453248,211
dart,0.7140789553358786,+,0.15963489030502767,4,0,38.0,0.6400100015740248,0.583369285641829,0.663374599087876,0.0044039902770965,16
dart,0.2071778324294221,+,0.3867644472004468,8,0,58.0,0.27951982772338757,0.8507952230692066,0.7047518978119294,0.0044373442099344,51
dart,0.30019109364044005,+,0.022503630656014562,7,0,91.0,0.06995883945065304,0.8832852707523279,0.7741954976582408,0.0044398731470157,61
dart,0.5112439631631452,+,0.1784885436570929,4,0,41.0,0.8859503282674275,0.7253479436228629,0.7860118771937792,0.0044546894516684,199
goss,0.8036181214575231,+,0.014032092148670251,9,0,33.0,0.0522366906611955,0.4137797693596613,1.0,0.0044556668641341,114
dart,0.6590329703964184,+,0.010843469202054144,7,0,111.0,0.8871927324711253,0.5878724960370876,0.8223087273398559,0.0044565239550601,238
goss,0.9317835038998245,+,0.14519582072584913,3,0,138.0,0.08154746474261493,0.4605219485788965,1.0,0.0044815073262521,112
dart,0.9819023786685253,+,0.3518094331896476,3,0,64.0,0.80889781150396,0.8003674833423674,0.9235966459320946,0.0045158955420238,426
dart,0.8078514006724303,+,0.3657881494150144,3,0,93.0,0.8796643705546534,0.8466726973838733,0.9278349238128348,0.0045359644891321,448
dart,0.8062872540025897,+,0.366031858135497,3,0,132.0,0.9717350756366887,0.9351859144957522,0.8262918301246168,0.004537703793679,214
dart,0.8635458598583656,+,0.14102273519409056,4,0,89.0,0.7674027408270945,0.8620195790067311,0.7597592123156621,0.0046480158300088,328
dart,0.15362056611713404,+,0.1696103661926715,9,0,60.0,0.7740404073534752,0.143930785261296,0.9983283190286135,0.0047362439675834,469
dart,0.8871109008678862,+,0.27605979845792733,3,0,58.0,0.657461821459041,0.5449836549352047,0.5842303321509288,0.004839839308151,332
dart,0.9612892140850363,+,0.05649005483091871,6,0,142.0,0.6841514564819823,0.9991646887479776,0.9525125820282657,0.0049404098645936,481
goss,0.2552118901161536,+,0.9488153229378966,3,0,45.0,0.9910302212472629,0.5517602592988673,1.0,0.0050518998800037,31
dart,0.850969522565466,+,0.07012313630780448,5,0,52.0,0.7838437153025196,0.6942524475059337,0.9606411489626845,0.0050630840777853,492
dart,0.6725075282971191,+,0.12364611087004213,4,0,78.0,0.9011170887369906,0.9661115337232151,0.8954209843543557,0.0050653809029541,176
dart,0.9333807010129673,+,0.12169047336098655,4,0,120.0,0.9438030895789515,0.8186243113555971,0.7080211957168965,0.0051024605032253,341
dart,0.35388039499951723,+,0.2489572582256807,3,0,123.0,0.06432904015837357,0.7163585005311103,0.5433850520093713,0.0051652748864773,49
dart,0.8997345928900823,+,0.0025486199783760085,9,0,37.0,0.9833176301732445,0.9235739166489467,0.8713038892578588,0.0052728282818788,380
dart,0.2809912299878997,+,0.005723117721384121,8,0,67.0,0.8387296329969387,0.8120299604901104,0.7553956475023289,0.0053011637289407,390
dart,0.9354526075661319,+,0.049560156503258374,6,0,125.0,0.9168938861968511,0.7849310600162598,0.9410144255998306,0.0053289128637641,218
dart,0.9983237292501953,+,0.21060772842548664,3,0,133.0,0.8300868338058304,0.9754023001288246,0.9471181057895088,0.0054092950748912,162
dart,0.20419794039586053,+,0.23315914373601568,5,0,93.0,0.07181382399617006,0.44193096126484477,0.5395474349224018,0.0054813953561828,44
goss,0.3268786286297698,+,0.08897001843737148,3,0,59.0,0.982031110825172,0.35531673413897,1.0,0.0056970254132737,26
dart,0.2835189927357968,+,0.012136943461340897,6,0,115.0,0.3973078827197203,0.7774736463947599,0.5548411143281317,0.0057226066324642,46
dart,0.9984610228743437,+,0.06240866331216631,5,0,58.0,0.9984722904920064,0.745675787498455,0.919386707390847,0.0057805196951495,216
dart,0.11959579379452612,+,0.6643373033289138,8,0,112.0,0.5156107030039399,0.7644292014786955,0.5025589609673415,0.005855419334075,36
dart,0.7174362819732529,+,0.20733408259257455,3,0,89.0,0.645016839517162,0.3999353942726587,0.7046306605413382,0.0058812300961795,56
dart,0.751511092467405,+,0.10118918473795684,4,0,53.0,0.9714557379674065,0.9537648024241137,0.9957812547989077,0.0059130258307581,167
dart,0.412331005290025,+,0.01378848523778029,5,0,95.0,0.4114156042848419,0.8028280018792675,0.6167727670348987,0.0059142042371491,54
dart,0.961787683714232,+,0.043876809507514054,6,0,105.0,0.7359026277969405,0.9972488716550043,0.9602388999711831,0.0060025651066144,468
goss,0.9842208316316177,+,0.07188129350649967,3,0,35.0,0.7134360875455501,0.8271385861442062,1.0,0.0060359096268531,320
dart,0.486348115088711,+,0.20823674578234183,3,0,34.0,0.9499004156770124,0.9996337274761233,0.8434215004194658,0.0062158691280279,224
goss,0.6055311904442624,+,0.07971224996436874,3,0,135.0,0.012092599569338697,0.05243515792545361,1.0,0.0062686183397202,119
dart,0.36969156647564516,+,0.003675156820085206,5,0,128.0,0.9393697376027715,0.7340280179855683,0.9913912094108006,0.0062959407916909,7
goss,0.8290534193518626,+,0.06371827729523777,3,0,48.0,0.3499346235728419,0.229710924607656,1.0,0.0063831058702733,127
goss,0.11459451164142298,+,0.3798434037176264,8,0,39.0,0.8578041059291204,0.9816217503242992,1.0,0.0064600475167454,33
dart,0.8988866510152399,+,0.1414663369635313,3,0,107.0,0.8761702775212963,0.8129804658368046,0.881277633270812,0.0067989518231367,283
goss,0.6506936614454477,+,0.0322246971380355,4,0,62.0,0.20972345076800875,0.3681004257067719,1.0,0.0068466080704553,110
dart,0.9532751234163547,+,0.009038599904078001,7,0,149.0,0.5931175982990345,0.7506668665513195,0.6151699516205006,0.0068596205453644,371
dart,0.5243948802286443,+,0.0018948542636583882,5,0,81.0,0.6621930652651409,0.6560349741772727,0.5692441808958563,0.0069257084168802,63
dart,0.6878227639543238,+,0.15670950435446185,3,0,127.0,0.33636966611162106,0.9697429830334007,0.9391552140849657,0.0069991487774232,88
dart,0.9235048660030742,+,0.005093531026042883,7,0,57.0,0.8381311568457506,0.8089619126064914,0.908661708730908,0.0071170935466898,205
dart,0.5602612479864332,+,0.0090853518950129,5,0,106.0,0.8326320323149597,0.45470105222137214,0.847965681173882,0.0071960075442806,1
dart,0.7996003366174629,+,0.07284924886684502,4,0,82.0,0.6790077998077169,0.7200496633281936,0.9905829429702554,0.0072872767496284,389
dart,0.517203347608799,+,0.04688843995806756,4,0,140.0,0.4737741809151105,0.6607789619150027,0.6240528388644659,0.0073958993251412,47
dart,0.9190724756055638,+,0.028362271933112342,6,0,85.0,0.8697080796270036,0.8011483445190393,0.6413749874757517,0.0075295130016262,350
dart,0.9868010982225028,+,0.07929934584336472,4,0,74.0,0.6346959085638079,0.7376482409471418,0.7792113077440478,0.0076525577994451,352
goss,0.7682238502149461,+,0.038175398883197785,6,0,149.0,0.19127169778295916,0.181158404138413,1.0,0.0077836229127088,108
dart,0.8365060532431675,+,0.06737092781377137,4,0,90.0,0.5129912620542293,0.8444927105121768,0.8407013863417612,0.0080680633392917,254
dart,0.9791918957249444,+,0.006412120209344627,7,0,46.0,0.4872221520516279,0.2475737121074843,0.7564765782625703,0.0080815174823879,84
goss,0.17203789434059558,+,0.01995254989941212,7,0,104.0,0.9187225216693768,0.44483251230115173,1.0,0.0082285694847105,4
dart,0.1051963035833991,+,0.12276572871425817,9,0,55.0,0.9235986460156166,0.8219093192926318,0.9406976948525562,0.0082774025767182,472
dart,0.9082177201185195,+,0.042109563002453554,5,0,135.0,0.8442582653850212,0.7607353457522974,0.8910968767706137,0.0082988371870209,227
dart,0.2584155080260258,+,0.005693291701079953,8,0,142.0,0.5163245637809846,0.5492373427902768,0.5032692127837403,0.0083296978285289,53
dart,0.8726978628453267,+,0.005803136333449212,6,0,66.0,0.8178300196637514,0.003630307254743226,0.7416009466153191,0.0088537130611445,11
dart,0.1029077637860169,+,0.10534692158900319,9,0,33.0,0.7316662244457172,0.48935512260759073,0.9368134495374287,0.0089397731980872,236
dart,0.7092764257001236,+,0.004362032509589331,5,0,106.0,0.12463241910696972,0.5355009004063411,0.9817264119088553,0.0093962821783269,137
dart,0.15872164069987263,+,0.025333399522508324,8,0,65.0,0.33096586051233146,0.999078267638585,0.6903744874968866,0.0094257103420277,45
dart,0.2446638101733451,+,0.0019251524086632116,8,0,86.0,0.7783947048477641,0.8374648238485773,0.9512628380191442,0.0100076520671593,354
dart,0.4103538230817996,+,0.053630817919254115,3,0,77.0,0.9968900460921402,0.9052067966117212,0.8921094543319094,0.0100584082983444,202
goss,0.9567764780690733,+,0.017679226616446442,4,0,76.0,0.7006214446213659,0.9554779863099281,1.0,0.0105081936921066,10
goss,0.705547768828038,+,0.023105131145455617,5,0,47.0,0.2895508595272454,0.1332896068369488,1.0,0.0108114356427377,113
goss,0.6926507145801795,+,0.016347108125608977,5,0,111.0,0.30773632036627097,0.040832298212971324,1.0,0.0109029375332672,106
dart,0.20026964822914184,+,0.01702102828380128,9,0,112.0,0.5374229261908414,0.7737659640773508,0.928289161965292,0.0110490823803882,376
dart,0.10176719318176233,+,0.05734788415844169,8,0,105.0,0.20356033251887518,0.7844402299482518,0.5001592959020023,0.0113497951933755,70
dart,0.42326201245434536,+,0.001519816597171228,3,0,51.0,0.7523474454863904,0.8930642628417229,0.9026202526478637,0.0127424149573442,295
dart,0.995147581798001,+,0.030143795917904233,5,0,30.0,0.9209817283659104,0.6370340314241265,0.746247578775495,0.0132876382299937,15
dart,0.9969648042227023,+,0.05691186404017598,3,0,30.0,0.9961565041853457,0.8698256138763012,0.9174025578565486,0.0133063421984119,169
dart,0.726764635010569,+,0.056598552053414596,3,0,47.0,0.46170863053026256,0.9005926281125093,0.7061037753693538,0.0134735617055136,257
dart,0.2574079325759582,+,0.0014853400664053137,3,0,93.0,0.74909836071265,0.6768327619500918,0.7011229918981823,0.0152701304935045,191
goss,0.9316738943310773,+,0.011692671473574936,4,0,94.0,0.9402844420042968,0.84171834011035,1.0,0.0153652319185008,377
dart,0.6794435004533306,+,0.036029196876112925,3,0,103.0,0.8006557576981674,0.440884890587009,0.5338274279088474,0.01598812074193,62
dart,0.8085476604880903,+,0.006935357809494178,4,0,147.0,0.998285138089848,0.528953756798472,0.7339444533745291,0.0165815318288963,364
goss,0.7456587301791746,+,0.006330626775443629,4,0,131.0,0.19198338945367127,0.3837007325924541,1.0,0.0167168165365553,117
goss,0.9976205995261644,+,0.007400480703445915,5,0,31.0,0.22534803558759758,0.08422107623038777,1.0,0.0172923489387871,128
dart,0.9792067817169747,+,0.03284159713852133,3,0,79.0,0.9975975035497666,0.7733307915121505,0.9981633573615094,0.0180034519280747,235
dart,0.8380558408284373,+,0.0010274955253078571,3,0,146.0,0.17588856013304371,0.3465049996568122,0.907765457130723,0.0191122766722865,135
dart,0.9529542309101117,+,0.004583090600997214,3,0,56.0,0.9050024994836046,0.7651029457173352,0.7453518284293903,0.0243207959062758,344
dart,0.9799756829842501,+,0.0149030990858007,3,0,67.0,0.8003074621292128,0.5452102645600063,0.8506459570720314,0.0255414585849748,246
