iteration,recall,datetime_start,datetime_complete,duration,colsample_bylevel,colsample_bytree,gamma,learning_rate,max_depth,min_child_weight,n_estimators,reg_alpha,reg_lambda,subsample,state
288,0.9996952037662213,2022-09-19 17:25:28.679953,2022-09-19 17:26:03.111776,0 days 00:00:34.431823,0.5808796419532374,0.7860308165967022,0.13247410489683276,0.2485437929723827,15.0,2.0,504.0,0.20560075088109114,1.34560431470589,0.6324862792289495,COMPLETE
295,0.9996918907636803,2022-09-19 17:29:05.355529,2022-09-19 17:29:37.691992,0 days 00:00:32.336463,0.5901738510332386,0.7949644019532174,0.1585301941664767,0.2573435179758926,15.0,2.0,481.0,0.23641104661699747,1.4170787150969413,0.6113453358810101,COMPLETE
294,0.9996918907636803,2022-09-19 17:28:31.736687,2022-09-19 17:29:05.355128,0 days 00:00:33.618441,0.587072574465581,0.793957011989486,0.13962199809109832,0.2546754468777757,15.0,2.0,502.0,0.20610318080817236,1.3954941557392768,0.6111294157424859,COMPLETE
174,0.9996861309527743,2022-09-19 16:01:50.638607,2022-09-19 16:02:39.005949,0 days 00:00:48.367342,0.5804034452375251,0.8062622414544364,0.0966331802836514,0.22542347497120038,15.0,3.0,689.0,0.9454704822911562,1.8722231762832728,0.4393460006870506,COMPLETE
286,0.9996852647585981,2022-09-19 17:24:23.349666,2022-09-19 17:24:55.186874,0 days 00:00:31.837208,0.58192399219729,0.7987898294383623,0.12520645963646537,0.2607642326037899,15.0,2.0,507.0,0.21865413943736767,0.5254531089664249,0.6330652403903889,COMPLETE
263,0.999681951756057,2022-09-19 17:12:17.216954,2022-09-19 17:12:59.872016,0 days 00:00:42.655062,0.5642208135219399,0.7947941299641548,0.09725499496086087,0.23214310346282957,15.0,2.0,692.0,0.269407685476835,0.5912981676588388,0.4166114192145954,COMPLETE
251,0.999679523183359,2022-09-19 16:59:22.715726,2022-09-19 17:00:03.010219,0 days 00:00:40.294493,0.581513203432591,0.8201153900675964,0.14099726537245041,0.24538990577329378,15.0,2.0,691.0,0.629011295363644,0.6001915406225564,0.4001455907954174,COMPLETE
289,0.9996753257509748,2022-09-19 17:26:03.112194,2022-09-19 17:26:35.070444,0 days 00:00:31.958250,0.5927781604427508,0.8083108033248237,0.1656427620602256,0.25267259784589896,15.0,2.0,506.0,0.18795576097644112,1.3365777141857063,0.6414149691696095,COMPLETE
161,0.9996729154139438,2022-09-19 15:51:58.497951,2022-09-19 15:52:47.496556,0 days 00:00:48.998605,0.5975993060980824,0.7529864492256394,0.05441411378179276,0.22935655259517299,15.0,3.0,685.0,1.1449436878063102,1.2984179894593404,0.43570679231550985,COMPLETE
285,0.9996686997458927,2022-09-19 17:23:47.543225,2022-09-19 17:24:23.349222,0 days 00:00:35.805997,0.5817421505549181,0.805107318869536,0.11086826846393971,0.24640960548072138,15.0,2.0,509.0,0.3265178073595229,1.095756183229169,0.6303750680535711,COMPLETE
299,0.9996686997458927,2022-09-19 17:31:05.272043,2022-09-19 17:31:37.445309,0 days 00:00:32.173266,0.5930934145536435,0.797561042653275,0.1557277263190992,0.2544161872437727,15.0,2.0,503.0,0.12059786872388278,1.2767950746889225,0.6529502764026275,COMPLETE
274,0.9996686997458927,2022-09-19 17:18:15.576475,2022-09-19 17:18:49.090831,0 days 00:00:33.514356,0.5820528988139414,0.8075036521747466,0.15271213720104923,0.2272941459250136,15.0,2.0,503.0,0.18215891342406249,0.5612106567353914,0.6306416411567631,COMPLETE
232,0.9996663076445285,2022-09-19 16:44:30.329053,2022-09-19 16:45:22.465261,0 days 00:00:52.136208,0.5747005085342703,0.8072137148528494,0.051436469094337446,0.24001649193621163,15.0,2.0,695.0,0.412461062442279,2.0104910379385967,0.4378572702494334,COMPLETE
222,0.9996663076445285,2022-09-19 16:37:18.025495,2022-09-19 16:38:05.541132,0 days 00:00:47.515637,0.5719884681775469,0.8014974909026384,0.09081254424784393,0.2429079203343225,15.0,2.0,697.0,0.5097783636093486,2.00870923011559,0.4242031704194337,COMPLETE
171,0.9996663076445285,2022-09-19 15:59:36.572401,2022-09-19 16:00:23.720114,0 days 00:00:47.147713,0.5923553127553177,0.7486503098553842,0.09898608829292152,0.2170412148234193,15.0,3.0,686.0,0.9146906237528961,1.8401103536401293,0.4591040052770603,COMPLETE
255,0.9996663076445285,2022-09-19 17:01:38.833269,2022-09-19 17:02:17.826690,0 days 00:00:38.993421,0.5812084678658865,0.8149512093210602,0.056539588261954446,0.2304120044488658,15.0,2.0,414.0,0.6543370139023958,0.5631250061233404,0.43294735991244826,COMPLETE
239,0.9996663076445285,2022-09-19 16:50:13.663107,2022-09-19 16:51:03.491496,0 days 00:00:49.828389,0.5916390634275847,0.8104422609570952,0.05225379620666578,0.23947052886537792,15.0,2.0,689.0,0.43085056739672856,0.962605871091099,0.4144091188340102,COMPLETE
276,0.9996653867433516,2022-09-19 17:19:21.034448,2022-09-19 17:19:52.866167,0 days 00:00:31.831719,0.5906906463242607,0.7995182306284347,0.16907311962618604,0.23256690735490088,15.0,2.0,474.0,0.2033141298861459,0.5559826890247577,0.6279377638950268,COMPLETE
262,0.9996653867433516,2022-09-19 17:11:21.676507,2022-09-19 17:12:17.216584,0 days 00:00:55.540077,0.5820509361650675,0.7976410301515974,0.05507442259564109,0.23229051214057428,15.0,2.0,694.0,0.3027465099820966,0.5732966142766941,0.43790230890423365,COMPLETE
267,0.9996653867433516,2022-09-19 17:14:39.621770,2022-09-19 17:15:13.209252,0 days 00:00:33.587482,0.56680192441184,0.8129169455119886,0.16063889215880864,0.23034289627096902,15.0,2.0,424.0,0.22534788603778244,0.6331614566038878,0.37634769330377327,COMPLETE
240,0.9996630037598208,2022-09-19 16:51:03.492062,2022-09-19 16:51:52.559241,0 days 00:00:49.067179,0.591605639583595,0.8113246050725715,0.05118023181208972,0.240463076323109,15.0,2.0,687.0,0.4296784775164246,0.6564101190665971,0.4138775133335945,COMPLETE
182,0.9996630037598208,2022-09-19 16:07:37.499863,2022-09-19 16:08:26.645257,0 days 00:00:49.145394,0.565739189177814,0.7398016595072977,0.10045772787030882,0.21219225357502386,15.0,3.0,686.0,0.9748317101487723,1.9509100800051482,0.4830965927417886,COMPLETE
120,0.9996630037598208,2022-09-19 15:21:17.963541,2022-09-19 15:22:10.013814,0 days 00:00:52.050273,0.5771091439938634,0.6695579751108771,0.05239811294001992,0.233508859018438,15.0,3.0,691.0,1.1118130778525233,1.975787767662746,0.4252481613695574,COMPLETE
135,0.9996630037598208,2022-09-19 15:32:46.992400,2022-09-19 15:33:38.365857,0 days 00:00:51.373457,0.5647044936793897,0.6395274414867635,0.051680777932310865,0.2262292240618018,15.0,4.0,700.0,0.9930752376736975,1.98669584218964,0.4081594436135136,COMPLETE
271,0.9996620737408105,2022-09-19 17:16:53.367499,2022-09-19 17:17:29.170469,0 days 00:00:35.802970,0.581443270602787,0.8168209191288263,0.12783231971962755,0.22764421014216404,15.0,2.0,437.0,0.23053267515262568,0.560253330997017,0.351436200965776,COMPLETE
264,0.9996620737408105,2022-09-19 17:12:59.872379,2022-09-19 17:13:35.145106,0 days 00:00:35.272727,0.5826678546965774,0.8146801248062701,0.1649504189260524,0.23208169940810267,15.0,2.0,499.0,0.2907076547093591,0.5483427624028633,0.36623789166813026,COMPLETE
224,0.9996596998751132,2022-09-19 16:38:48.199849,2022-09-19 16:39:39.891071,0 days 00:00:51.691222,0.5771761564454937,0.8143954417286448,0.054948452706091555,0.24478285613844478,15.0,2.0,700.0,0.43765407667759676,2.0059371588872175,0.4236447933081733,COMPLETE
220,0.9996596998751132,2022-09-19 16:35:39.657484,2022-09-19 16:36:31.453918,0 days 00:00:51.796434,0.5744831644602698,0.6218658615957735,0.05435351372459278,0.23667772887604918,15.0,3.0,700.0,0.5182510275158341,2.0255373928116622,0.4227029342964763,COMPLETE
213,0.9996596998751132,2022-09-19 16:30:32.900662,2022-09-19 16:31:25.384766,0 days 00:00:52.484104,0.5629057592055252,0.8020242447520616,0.10088351768492812,0.19423427075709504,15.0,2.0,688.0,0.6698223361919776,2.0828760578149996,0.45344899893481433,COMPLETE
116,0.9996596998751132,2022-09-19 15:18:10.676963,2022-09-19 15:19:03.103090,0 days 00:00:52.426127,0.5831714904425045,0.9665039937006177,0.06072049877485096,0.22428373471269253,15.0,3.0,699.0,1.1921071254531992,1.9128891485798132,0.44433452391603817,COMPLETE
211,0.9996596998751132,2022-09-19 16:29:20.570211,2022-09-19 16:30:13.654242,0 days 00:00:53.084031,0.5753946657668328,0.8386354545263567,0.09308587259665677,0.19763466609499103,15.0,2.0,696.0,0.7160064527834538,2.0650017549584465,0.4541057858936335,COMPLETE
235,0.9996596998751132,2022-09-19 16:47:01.038521,2022-09-19 16:47:52.802437,0 days 00:00:51.763916,0.5801016120481018,0.8057760701743217,0.05125985795631086,0.24351792001763975,15.0,2.0,688.0,0.4153334927762464,1.9810624126412948,0.4016924628333248,COMPLETE
73,0.9996596998751132,2022-09-19 14:51:22.384918,2022-09-19 14:52:01.341817,0 days 00:00:38.956899,0.5686335041791966,0.9507142765540448,0.08695704384476735,0.2939363330546028,12.0,2.0,628.0,1.3727127607490563,2.24150661014953,0.4826892820825299,COMPLETE
241,0.9996596998751132,2022-09-19 16:51:52.559776,2022-09-19 16:52:41.864976,0 days 00:00:49.305200,0.5920942390063506,0.8108881053593269,0.051763930282820204,0.23907341094151915,15.0,2.0,687.0,0.41032388191515606,0.6423383139401715,0.4146768434343608,COMPLETE
156,0.9996596998751132,2022-09-19 15:48:27.966303,2022-09-19 15:49:11.449777,0 days 00:00:43.483474,0.5738807003914957,0.7463908139925207,0.10840010453001515,0.2259891291859601,14.0,3.0,681.0,1.1078432523054933,0.7123012329649999,0.4136301509893948,COMPLETE
269,0.9996587607382695,2022-09-19 17:15:45.600241,2022-09-19 17:16:19.689043,0 days 00:00:34.088802,0.5554141988058686,0.8043621573120765,0.13693396525647045,0.23060338444763057,15.0,2.0,408.0,0.27531768710446,0.5297889941643221,0.37045680764730043,COMPLETE
221,0.9996563959904056,2022-09-19 16:36:31.454439,2022-09-19 16:37:18.024983,0 days 00:00:46.570544,0.5705543354196387,0.8008883739938895,0.0957455302082075,0.24347258043928868,15.0,2.0,700.0,0.4226949725288103,2.005229232527419,0.427681151068525,COMPLETE
217,0.9996563959904056,2022-09-19 16:33:11.446631,2022-09-19 16:34:01.278126,0 days 00:00:49.831495,0.5758732257328792,0.8777417761686854,0.08342200410859847,0.2258646858382024,15.0,3.0,695.0,0.6198307054969291,2.0370396304556393,0.42293215429153086,COMPLETE
233,0.9996563959904056,2022-09-19 16:45:22.465825,2022-09-19 16:46:14.321880,0 days 00:00:51.856055,0.5794992766816024,0.7850559091261805,0.051239322175880786,0.24136289631725608,15.0,2.0,687.0,0.4097323686166487,2.0220750855763443,0.4270567369339669,COMPLETE
189,0.9996563959904056,2022-09-19 16:12:47.197450,2022-09-19 16:13:35.243782,0 days 00:00:48.046332,0.5631540374456598,0.626792729047096,0.09201463703333723,0.23761531789369328,15.0,3.0,691.0,1.0459228073403368,2.0457537621901616,0.48215986662432825,COMPLETE
245,0.9996563959904056,2022-09-19 16:54:52.243472,2022-09-19 16:55:37.663347,0 days 00:00:45.419875,0.5966772721923208,0.8059475657378491,0.08967458705886569,0.2358839566095174,15.0,2.0,684.0,0.5111434851195306,0.7895455325041352,0.4082513500269784,COMPLETE
246,0.9996563959904056,2022-09-19 16:55:37.663896,2022-09-19 16:56:18.322202,0 days 00:00:40.658306,0.5803908252125701,0.8284024940825208,0.1356962912599572,0.2389747749382775,15.0,2.0,687.0,0.41274025994839436,0.6835980290170571,0.3927386051926365,COMPLETE
122,0.9996563959904056,2022-09-19 15:23:01.498463,2022-09-19 15:23:55.271754,0 days 00:00:53.773291,0.5775829921800314,0.6416508132017202,0.05017027924548139,0.22175707098792968,15.0,3.0,695.0,1.2092816300368736,1.9900465427315246,0.4376539269718981,COMPLETE
117,0.9996563959904056,2022-09-19 15:19:03.103469,2022-09-19 15:19:55.809244,0 days 00:00:52.705775,0.5862676889386238,0.9657202619825233,0.055623300666158275,0.2286687645948795,15.0,3.0,696.0,1.1662196230016206,1.9114580460226087,0.44232330117983587,COMPLETE
258,0.9996563959904056,2022-09-19 17:03:35.139002,2022-09-19 17:04:12.868230,0 days 00:00:37.729228,0.5874874282716611,0.8111950147664525,0.11847203877927631,0.24430850782661098,15.0,2.0,520.0,0.4695378130666582,0.5122763789739625,0.3851283861143015,COMPLETE
247,0.9996563959904056,2022-09-19 16:56:18.322778,2022-09-19 16:57:08.721417,0 days 00:00:50.398639,0.5988136958806345,0.8187698888988425,0.051933801549050584,0.2349752352735167,15.0,2.0,683.0,0.5055753213091695,0.932573434769602,0.40293433480094926,COMPLETE
223,0.9996563959904056,2022-09-19 16:38:05.541655,2022-09-19 16:38:48.199304,0 days 00:00:42.657649,0.5763390266432402,0.8753386517002313,0.14155446222326373,0.24481863335646759,15.0,2.0,700.0,0.45969920016539045,2.003386722144987,0.4262492571924584,COMPLETE
133,0.9996563959904056,2022-09-19 15:31:39.547189,2022-09-19 15:32:28.168483,0 days 00:00:48.621294,0.5854682074156847,0.6101740489948975,0.05528154407950576,0.2380868302935946,15.0,4.0,685.0,0.9934256799541386,2.045112472816803,0.4129131988275057,COMPLETE
248,0.9996563959904056,2022-09-19 16:57:08.721959,2022-09-19 16:57:53.813266,0 days 00:00:45.091307,0.5977442067810088,0.8075341936486663,0.09883508285394649,0.2344522461722389,15.0,2.0,680.0,0.5230176963972796,0.8569976451913753,0.3839948179185542,COMPLETE
265,0.9996554477357285,2022-09-19 17:13:35.145455,2022-09-19 17:14:08.610095,0 days 00:00:33.464640,0.577715630598173,0.8237914812496049,0.17035610335385026,0.23153112295939168,15.0,2.0,421.0,0.28657454658738124,0.5767227728973275,0.3498612117851289,COMPLETE
124,0.9996530921056979,2022-09-19 15:24:37.049212,2022-09-19 15:25:28.987771,0 days 00:00:51.938559,0.5841966646021112,0.6272449365282678,0.05238590410193811,0.22412845530362152,15.0,3.0,673.0,1.0627062336273985,2.045669210019953,0.40719459738078095,COMPLETE
199,0.9996530921056979,2022-09-19 16:20:15.770290,2022-09-19 16:21:07.645131,0 days 00:00:51.874841,0.5634251173915246,0.6528766059535921,0.10991068156641005,0.1981083248559522,15.0,2.0,683.0,0.8526242165038908,1.8939179051639545,0.45381847103560996,COMPLETE
192,0.9996530921056979,2022-09-19 16:14:59.831849,2022-09-19 16:15:47.505920,0 days 00:00:47.674071,0.5605792260697768,0.6279440598325022,0.09431885679043736,0.2301278473970351,15.0,5.0,693.0,1.016703384601877,2.041359908481048,0.4834219369614818,COMPLETE
187,0.9996530921056979,2022-09-19 16:11:16.340608,2022-09-19 16:12:05.396739,0 days 00:00:49.056131,0.5729284951491628,0.6110546375354631,0.09392905215022673,0.2257618892852894,15.0,3.0,691.0,1.0577282246636472,2.0504665423913413,0.4429510136665167,COMPLETE
115,0.9996530921056979,2022-09-19 15:17:19.484331,2022-09-19 15:18:10.676577,0 days 00:00:51.192246,0.584104364413033,0.9637605847085177,0.05816399057502834,0.24045847945246168,15.0,3.0,699.0,1.165032195990659,1.9945590886183973,0.44050216922928237,COMPLETE
219,0.9996530921056979,2022-09-19 16:34:50.168384,2022-09-19 16:35:39.656981,0 days 00:00:49.488597,0.5716579519356944,0.8016621800424888,0.08389456293755533,0.2256956796922575,15.0,3.0,694.0,0.3672668095261835,2.0485826681310733,0.40882859191901516,COMPLETE
108,0.9996530921056979,2022-09-19 15:12:07.252794,2022-09-19 15:12:56.467626,0 days 00:00:49.214832,0.577175956906413,0.9837783027573005,0.055192230809396885,0.221290527449986,13.0,3.0,699.0,1.130102273596738,2.111723333954152,0.4634021449493768,COMPLETE
110,0.9996530921056979,2022-09-19 15:13:23.768294,2022-09-19 15:14:09.556256,0 days 00:00:45.787962,0.5849694351044064,0.9820587527701339,0.05179546808047581,0.28926275684638203,14.0,3.0,677.0,1.2359858831151618,2.1118730866132682,0.4631449335920793,COMPLETE
203,0.9996530921056979,2022-09-19 16:23:23.415412,2022-09-19 16:24:14.514555,0 days 00:00:51.099143,0.5845619346877362,0.6543075771778077,0.0932530967405633,0.22035766272339902,15.0,2.0,681.0,0.8865569989277289,2.113252852457864,0.44812108881286405,COMPLETE
206,0.9996530921056979,2022-09-19 16:26:07.394026,2022-09-19 16:26:57.243290,0 days 00:00:49.849264,0.5846885072768387,0.6543244749804877,0.12846205497241292,0.19893471513546765,15.0,2.0,693.0,0.7186636289567919,1.943396500086864,0.4649110785443573,COMPLETE
260,0.9996530921056979,2022-09-19 17:04:59.511148,2022-09-19 17:05:38.594495,0 days 00:00:39.083347,0.5957166017726973,0.8373706649486348,0.09503429637783735,0.23584641247079882,15.0,2.0,471.0,0.5075547947351926,0.8115457393701001,0.4033777006786521,COMPLETE
249,0.9996530921056979,2022-09-19 16:57:53.813817,2022-09-19 16:58:43.894282,0 days 00:00:50.080465,0.5966864143267017,0.8116940773203984,0.05483008173010323,0.23495582659657044,15.0,2.0,681.0,0.5470052616245668,0.9404536001815099,0.3935712905063288,COMPLETE
229,0.9996530921056979,2022-09-19 16:42:15.644031,2022-09-19 16:42:59.974441,0 days 00:00:44.330410,0.5769364949345392,0.8478712530612119,0.1363261414813357,0.2376864075353782,15.0,2.0,700.0,0.5871095671327848,1.955242000108904,0.42313653364112935,COMPLETE
259,0.9996530921056979,2022-09-19 17:04:12.868762,2022-09-19 17:04:59.510621,0 days 00:00:46.641859,0.5841845673674523,0.7872077258021799,0.050014109313410764,0.2293359969492788,15.0,2.0,610.0,0.06452907453824652,0.5935656137955272,0.4347052071423465,COMPLETE
237,0.9996530921056979,2022-09-19 16:48:42.650067,2022-09-19 16:49:28.566432,0 days 00:00:45.916365,0.5690724227142414,0.8011940032731194,0.10476278452273248,0.244127132720216,15.0,2.0,687.0,0.4156175729224116,1.9612194383700898,0.4027080267606943,COMPLETE
278,0.9996521347331874,2022-09-19 17:20:22.399362,2022-09-19 17:20:54.157426,0 days 00:00:31.758064,0.5997956681428558,0.8012611426401379,0.16516123741676864,0.23149825316070857,15.0,2.0,469.0,0.21866086833313275,0.5745122254832122,0.6231702768267393,COMPLETE
270,0.9996521347331874,2022-09-19 17:16:19.689415,2022-09-19 17:16:53.367079,0 days 00:00:33.677664,0.570268295714924,0.7941117714411096,0.19198651592231142,0.23299679301394455,15.0,2.0,491.0,0.2048964703103464,0.6264520707749819,0.3627142664084688,COMPLETE
238,0.9996497882209903,2022-09-19 16:49:28.566976,2022-09-19 16:50:13.662581,0 days 00:00:45.095605,0.5773379950182059,0.8250214625271715,0.1010057730689437,0.2512177846461967,15.0,2.0,695.0,0.502407027345741,1.973834864090297,0.4354431035941512,COMPLETE
98,0.9996497882209903,2022-09-19 15:05:45.821318,2022-09-19 15:06:28.791764,0 days 00:00:42.970446,0.5905370288323195,0.9377893974769662,0.05330616435691113,0.2993836217461764,13.0,3.0,661.0,1.474227155794773,2.24730325983604,0.4708420310238666,COMPLETE
153,0.9996497882209903,2022-09-19 15:46:01.039578,2022-09-19 15:46:50.798686,0 days 00:00:49.759108,0.5908919315487347,0.7529083208438847,0.0512833920805639,0.2262275320980734,15.0,3.0,676.0,1.0661810112536567,2.069672709530688,0.41582588780949836,COMPLETE
168,0.9996497882209903,2022-09-19 15:57:22.688481,2022-09-19 15:58:10.278956,0 days 00:00:47.590475,0.5927310603326209,0.7553673821793513,0.09416511495931858,0.2165047539420854,15.0,3.0,682.0,0.9269470453848463,1.913948546465497,0.45547754598646795,COMPLETE
169,0.9996497882209903,2022-09-19 15:58:10.279425,2022-09-19 15:58:57.015812,0 days 00:00:46.736387,0.5855122022202829,0.7570590405078215,0.10376793809935209,0.21638512461189519,15.0,3.0,686.0,0.917903775227828,1.8512255100801929,0.4626268255818053,COMPLETE
242,0.9996497882209903,2022-09-19 16:52:41.865612,2022-09-19 16:53:21.890738,0 days 00:00:40.025126,0.5926838115939563,0.8155477499846339,0.13926252806488865,0.2396706940003101,15.0,2.0,700.0,0.4412495973430472,0.6567635188765227,0.4134576367507791,COMPLETE
114,0.9996497882209903,2022-09-19 15:16:28.324441,2022-09-19 15:17:19.483913,0 days 00:00:51.159472,0.5854641031441273,0.9662470111560213,0.05070044103954159,0.22392098397989466,14.0,3.0,679.0,1.1822003593411508,2.1083836376327176,0.445384692199622,COMPLETE
131,0.9996497882209903,2022-09-19 15:30:05.472567,2022-09-19 15:30:54.877699,0 days 00:00:49.405132,0.5593172844038137,0.6143497285417417,0.05459216929907157,0.2328880658520152,15.0,4.0,700.0,1.03896071635176,2.044521996142008,0.4332261350161994,COMPLETE
228,0.9996497882209903,2022-09-19 16:41:33.603861,2022-09-19 16:42:15.643479,0 days 00:00:42.039618,0.5605271334205805,0.8158406424619936,0.14302357981292224,0.24960371808359466,15.0,2.0,695.0,0.45949734773339446,2.0345427567271908,0.41156941297381305,COMPLETE
214,0.9996497882209903,2022-09-19 16:31:25.385300,2022-09-19 16:32:23.173111,0 days 00:00:57.787811,0.5800253035746255,0.8049932222971615,0.05384056908335964,0.19475838770800585,15.0,2.0,689.0,0.7270588821502586,2.0928546326780952,0.44445841652276014,COMPLETE
256,0.9996464843362826,2022-09-19 17:02:17.827194,2022-09-19 17:02:57.756147,0 days 00:00:39.928953,0.5817439414052884,0.8187568324076208,0.13221718364239488,0.2528844245071495,15.0,2.0,700.0,0.6812153201470488,0.5699879912036442,0.4253285153117863,COMPLETE
234,0.9996464843362826,2022-09-19 16:46:14.322403,2022-09-19 16:47:01.037984,0 days 00:00:46.715581,0.5687286044206632,0.7851353621575303,0.09442260005910436,0.2416959665734265,15.0,2.0,695.0,0.3250233095385602,2.011020341556306,0.42596224866405064,COMPLETE
180,0.9996464843362826,2022-09-19 16:05:59.391698,2022-09-19 16:06:49.998705,0 days 00:00:50.607007,0.572349703857887,0.7719072946870792,0.050497143448108475,0.22372053877377104,15.0,3.0,680.0,1.075629468424058,1.994446712486652,0.4401994536676191,COMPLETE
93,0.9996464843362826,2022-09-19 15:03:02.638704,2022-09-19 15:03:41.517833,0 days 00:00:38.879129,0.5318468029894448,0.9328887985336839,0.10233554101774632,0.29611619253932525,13.0,4.0,689.0,1.3979810059540927,2.1652784170797137,0.4458423274901011,COMPLETE
112,0.9996464843362826,2022-09-19 15:14:54.795530,2022-09-19 15:15:45.757072,0 days 00:00:50.961542,0.5976028563649785,0.9647764704071143,0.07244193223263792,0.22917578559010957,15.0,3.0,686.0,1.1848947535286938,2.0331237683326475,0.4452987975445567,COMPLETE
172,0.9996464843362826,2022-09-19 16:00:23.720617,2022-09-19 16:01:09.463415,0 days 00:00:45.742798,0.5844733029783411,0.7529732845511447,0.10839472180060476,0.21782782005380488,15.0,3.0,682.0,0.8554481491091046,1.772813756601012,0.46108611974258823,COMPLETE
231,0.9996464843362826,2022-09-19 16:43:38.520845,2022-09-19 16:44:30.328630,0 days 00:00:51.807785,0.5716969531823866,0.8323055619524442,0.056759885305872886,0.23668087807266242,15.0,2.0,688.0,0.5534784974831933,2.071916842876055,0.4141599754423029,COMPLETE
236,0.9996464843362826,2022-09-19 16:47:52.802972,2022-09-19 16:48:42.649538,0 days 00:00:49.846566,0.5765389778520726,0.810123579896362,0.05320049078279923,0.2479623400363086,15.0,2.0,690.0,0.30548398338737814,1.4593831173762664,0.4199040064543639,COMPLETE
281,0.9996455087281052,2022-09-19 17:21:32.992580,2022-09-19 17:22:06.875407,0 days 00:00:33.882827,0.5913046508559882,0.8138703699826595,0.15565795456256856,0.2341456372141691,15.0,2.0,432.0,0.3477479677654033,0.6404914422102433,0.37490692477698834,COMPLETE
284,0.9996455087281052,2022-09-19 17:23:13.168147,2022-09-19 17:23:47.542843,0 days 00:00:34.374696,0.5649280839069057,0.8022208075016711,0.17993026756789893,0.22430131440095333,15.0,2.0,410.0,0.1472124661291868,1.2454197139108183,0.3520134458090401,COMPLETE
230,0.999643180451575,2022-09-19 16:42:59.974953,2022-09-19 16:43:38.520303,0 days 00:00:38.545350,0.5768290589733257,0.8134315083130018,0.1834587354008298,0.25634844927766504,15.0,2.0,700.0,0.45533343568240225,2.0081734073859794,0.43255021218063244,COMPLETE
111,0.999643180451575,2022-09-19 15:14:09.556654,2022-09-19 15:14:54.795129,0 days 00:00:45.238475,0.582735726060024,0.96650710148135,0.06394984215480083,0.2896449553537184,14.0,3.0,688.0,1.238400201118539,2.004615749397778,0.44854173461579977,COMPLETE
244,0.999643180451575,2022-09-19 16:54:09.690060,2022-09-19 16:54:52.242920,0 days 00:00:42.552860,0.5898372336322215,0.7950099870619359,0.09784811787951793,0.24577063922488446,15.0,2.0,694.0,0.34720133913039114,0.6280382635423417,0.4154330466476481,COMPLETE
101,0.999643180451575,2022-09-19 15:07:35.583488,2022-09-19 15:08:15.797336,0 days 00:00:40.213848,0.5444030560803734,0.9494639010070764,0.10130725152046258,0.29639900884859244,13.0,3.0,689.0,1.5915796165002618,2.1796799124091235,0.4681667545925662,COMPLETE
129,0.999643180451575,2022-09-19 15:28:37.132980,2022-09-19 15:29:27.523210,0 days 00:00:50.390230,0.5608876247979028,0.7788341579483979,0.050331364602999945,0.2171489417567502,15.0,4.0,700.0,1.0238852401416831,2.0605041392858774,0.43376464179497126,COMPLETE
154,0.9996398765668674,2022-09-19 15:46:50.799012,2022-09-19 15:47:43.992077,0 days 00:00:53.193065,0.5641729370298103,0.6450036743935854,0.05098270083159659,0.21736117147840261,15.0,3.0,675.0,1.0766691564103137,2.1652790082935,0.41786066342962436,COMPLETE
145,0.9996398765668674,2022-09-19 15:40:19.801860,2022-09-19 15:41:04.572263,0 days 00:00:44.770403,0.5599972496138276,0.6096291042317914,0.10061316593727374,0.23440335836535764,14.0,4.0,694.0,0.8909215250141959,2.095711002835996,0.44016156267454654,COMPLETE
121,0.9996398765668674,2022-09-19 15:22:10.014217,2022-09-19 15:23:01.498049,0 days 00:00:51.483832,0.5911268285801818,0.6828407149561236,0.05499305437316213,0.23318673022188788,15.0,3.0,690.0,1.1020202629831315,1.9764173259933366,0.42687019171778945,COMPLETE
243,0.9996398765668674,2022-09-19 16:53:21.891269,2022-09-19 16:54:09.689519,0 days 00:00:47.798250,0.5908272720276792,0.8092394788412293,0.057623534381122915,0.24253913824482953,15.0,2.0,688.0,0.39090762885538044,0.6398239136039625,0.4030203285957474,COMPLETE
193,0.9996398765668674,2022-09-19 16:15:47.506406,2022-09-19 16:16:34.312413,0 days 00:00:46.806007,0.5662921083295767,0.6289455556613882,0.10210519580665006,0.22432870249385153,15.0,5.0,689.0,1.1707504870047025,1.4180724801679832,0.4835176260350246,COMPLETE
290,0.999638882723023,2022-09-19 17:26:35.070840,2022-09-19 17:27:05.121892,0 days 00:00:30.051052,0.5811847593482387,0.7892326508640124,0.20940832569174445,0.26030307143609804,15.0,2.0,506.0,0.2076716382693585,1.3579896715169584,0.6442226255195004,COMPLETE
254,0.9996365726821597,2022-09-19 17:00:57.926413,2022-09-19 17:01:38.832726,0 days 00:00:40.906313,0.5899255670438603,0.8029409113085602,0.12988991173646863,0.23868836105304903,15.0,2.0,685.0,0.431587067132859,0.6921859580431475,0.4072852741867084,COMPLETE
159,0.9996365726821597,2022-09-19 15:50:33.728579,2022-09-19 15:51:17.164052,0 days 00:00:43.435473,0.5636282687571461,0.7007380109499338,0.10886362712895908,0.2363153432210812,15.0,3.0,670.0,1.088975153754581,0.7439600106436095,0.42157700837341766,COMPLETE
177,0.9996365726821597,2022-09-19 16:03:48.493868,2022-09-19 16:04:34.898466,0 days 00:00:46.404598,0.5939271873721507,0.7584345396274202,0.1015185945393178,0.22740003084802082,15.0,3.0,687.0,0.916312114203612,1.8441427830284254,0.4170329457692122,COMPLETE
191,0.9996365726821597,2022-09-19 16:14:09.732593,2022-09-19 16:14:59.831334,0 days 00:00:50.098741,0.5830382467059969,0.6695551323929549,0.08629675787728275,0.22603207283295257,15.0,3.0,690.0,1.0585843406853712,2.084535116204275,0.4459901321732396,COMPLETE
292,0.999635569720482,2022-09-19 17:27:32.054567,2022-09-19 17:28:03.399916,0 days 00:00:31.345349,0.5932443177193235,0.8117490630437071,0.1906518174653648,0.2485475844919211,15.0,2.0,509.0,0.3126983785249906,1.2203318890924386,0.6187609755690359,COMPLETE
181,0.9996332687974521,2022-09-19 16:06:49.999183,2022-09-19 16:07:37.499354,0 days 00:00:47.500171,0.5843908335578974,0.755843652637705,0.09306455889877746,0.21883863082490854,15.0,3.0,695.0,1.0005196553560614,1.7380244339853075,0.45166939080793234,COMPLETE
106,0.9996332687974521,2022-09-19 15:10:44.707776,2022-09-19 15:11:29.058308,0 days 00:00:44.350532,0.5861847064461194,0.9598420658953365,0.054160085337590695,0.2859442744540741,13.0,3.0,685.0,1.5889335764036283,2.0154656926207903,0.47112741577251077,COMPLETE
196,0.9996332687974521,2022-09-19 16:17:53.090432,2022-09-19 16:18:42.994514,0 days 00:00:49.904082,0.5681655068114159,0.6268823539244989,0.05037305751346717,0.23154069495694707,15.0,5.0,700.0,1.0092986039333853,1.977070698055699,0.42948113321420356,COMPLETE
164,0.9996332687974521,2022-09-19 15:54:17.914615,2022-09-19 15:55:06.028934,0 days 00:00:48.114319,0.5794395676703912,0.7437560122506885,0.05681714280870477,0.23133815294197135,15.0,3.0,700.0,0.9824238600820607,0.6686402671846714,0.45883957467746417,COMPLETE
297,0.9996322567179409,2022-09-19 17:30:05.096868,2022-09-19 17:30:36.130454,0 days 00:00:31.033586,0.5929815229581703,0.7967630234485134,0.16752350034159708,0.258168846945885,15.0,2.0,477.0,0.20525991826795303,1.1115045762773794,0.6117841637384832,COMPLETE
268,0.9996322567179409,2022-09-19 17:15:13.209603,2022-09-19 17:15:45.599890,0 days 00:00:32.390287,0.5651438684280709,0.8144601201344923,0.17867785275490494,0.230722066728737,15.0,2.0,417.0,0.16805327826235092,0.5904300285367012,0.37857206118805625,COMPLETE
139,0.9996299649127444,2022-09-19 15:35:50.987604,2022-09-19 15:36:39.950427,0 days 00:00:48.962823,0.5767379438428744,0.640341475830993,0.050138764439337534,0.247617902677489,15.0,4.0,670.0,1.1476543652495323,2.122379927308037,0.3959552071938115,COMPLETE
126,0.9996299649127444,2022-09-19 15:26:14.284231,2022-09-19 15:27:07.899221,0 days 00:00:53.614990,0.5758174515663911,0.6242105292995331,0.059727407753973276,0.21314961060381962,15.0,3.0,695.0,1.1421836710979771,2.1110949716204086,0.39524372006207836,COMPLETE
226,0.9996299649127444,2022-09-19 16:40:22.150484,2022-09-19 16:41:06.828834,0 days 00:00:44.678350,0.3123096742046878,0.875610079433991,0.10337994286930405,0.2454441326652259,15.0,2.0,688.0,0.4094478425140611,1.990967139876171,0.4251015622073865,COMPLETE
147,0.9996299649127444,2022-09-19 15:41:42.717963,2022-09-19 15:42:28.637826,0 days 00:00:45.919863,0.5816025854308535,0.6334987812529873,0.0509042093748057,0.24138968857797685,14.0,4.0,671.0,1.3482228658389233,2.058869316495004,0.4233896191663176,COMPLETE
103,0.9996299649127444,2022-09-19 15:08:48.086073,2022-09-19 15:09:28.230584,0 days 00:00:40.144511,0.526113441998225,0.9838473262450387,0.09806463016754237,0.29120066954330615,13.0,3.0,666.0,1.6624730236710024,2.0769950962439685,0.46958976131082286,COMPLETE
75,0.9996299649127444,2022-09-19 14:52:33.368286,2022-09-19 14:53:12.943351,0 days 00:00:39.575065,0.5697846866467486,0.9786688921861683,0.09746999457070517,0.2959347112544924,12.0,2.0,663.0,1.503755239059028,2.2555866312452046,0.47360142061486,COMPLETE
201,0.9996266610280368,2022-09-19 16:21:43.530814,2022-09-19 16:22:39.109411,0 days 00:00:55.578597,0.5601339208642627,0.6488401903749013,0.09997224460655581,0.18495891381527357,15.0,2.0,690.0,0.9695109231550544,2.028420396683562,0.4353353350491993,COMPLETE
175,0.9996266610280368,2022-09-19 16:02:39.006412,2022-09-19 16:03:24.628969,0 days 00:00:45.622557,0.5997695311445591,0.7934436494994824,0.12012083284667344,0.21512683419268613,15.0,3.0,689.0,0.9475980638186403,1.8264081860003027,0.4627853209641864,COMPLETE
162,0.9996266610280368,2022-09-19 15:52:47.497011,2022-09-19 15:53:36.193620,0 days 00:00:48.696609,0.5926096095130821,0.6205411170070373,0.09656829273878491,0.22463962252198658,15.0,3.0,694.0,1.139877702581968,1.3229782363399276,0.4328634047806085,COMPLETE
282,0.9996256307128587,2022-09-19 17:22:06.875802,2022-09-19 17:22:38.072833,0 days 00:00:31.197031,0.5886123137138186,0.826756713945319,0.21764751649048908,0.23045021226526452,15.0,2.0,408.0,0.13675191064858738,0.5551210681995894,0.36080087132230987,COMPLETE
184,0.9996233571433292,2022-09-19 16:09:06.641841,2022-09-19 16:09:52.955830,0 days 00:00:46.313989,0.5647544866573768,0.7451705554120719,0.12434822590347067,0.20524972884478207,15.0,3.0,685.0,0.9760368527102237,1.8890557706004671,0.4634776009480908,COMPLETE
252,0.9996233571433292,2022-09-19 17:00:03.010816,2022-09-19 17:00:40.459482,0 days 00:00:37.448666,0.5702632195135938,0.7981884999783065,0.17522737224132426,0.24787293479001468,15.0,2.0,691.0,0.6327702320040908,0.6112059149865455,0.4171508233889752,COMPLETE
283,0.9996223177103177,2022-09-19 17:22:38.073233,2022-09-19 17:23:13.167746,0 days 00:00:35.094513,0.36162075639116564,0.7934606033282107,0.13430459354196184,0.23582217277816375,15.0,2.0,421.0,0.26221032262371957,0.6561242373432229,0.3406463336986177,COMPLETE
225,0.9996200532586215,2022-09-19 16:39:39.891620,2022-09-19 16:40:22.149962,0 days 00:00:42.258342,0.5659299282381688,0.7891888600286935,0.14933362370972206,0.24484647474428864,15.0,2.0,700.0,0.48351227317656437,2.012366245429338,0.41991931066464394,COMPLETE
78,0.9996167493739139,2022-09-19 14:54:19.455590,2022-09-19 14:54:58.251933,0 days 00:00:38.796343,0.5531174045290614,0.9197120552102374,0.10475535410921498,0.28957144111243344,13.0,3.0,663.0,1.2895474599293026,2.2242403214370805,0.45405466634263403,COMPLETE
250,0.9996167493739139,2022-09-19 16:58:43.894808,2022-09-19 16:59:22.715017,0 days 00:00:38.820209,0.5937427911760046,0.8272192745259036,0.1661778783405657,0.23816029009395234,15.0,2.0,686.0,0.47278840430495167,0.723425858183009,0.3943210466017685,COMPLETE
143,0.9996167493739139,2022-09-19 15:38:48.099950,2022-09-19 15:39:37.761514,0 days 00:00:49.661564,0.5804260394319949,0.6723238309277135,0.10792310187652764,0.21391674922487613,15.0,4.0,700.0,1.0753325228536068,2.1411676540795073,0.3866393654642923,COMPLETE
165,0.9996167493739139,2022-09-19 15:55:06.029420,2022-09-19 15:55:56.909130,0 days 00:00:50.879710,0.2770839461319702,0.7715151536687949,0.052174094135482615,0.2351907779894381,15.0,3.0,690.0,1.2792039213352266,1.5074094239666418,0.4384628872693566,COMPLETE
277,0.9996156917052356,2022-09-19 17:19:52.866558,2022-09-19 17:20:22.398964,0 days 00:00:29.532406,0.5910525157357023,0.8086547527798992,0.2146527215738428,0.23480622743378882,15.0,2.0,463.0,0.19040038156316702,0.5406987565587027,0.6458162983464191,COMPLETE
198,0.9996134454892062,2022-09-19 16:19:27.109210,2022-09-19 16:20:15.769794,0 days 00:00:48.660584,0.5788386064206952,0.6458172812589384,0.10004819046957002,0.22798891498012436,15.0,3.0,674.0,1.0796485364847874,2.050913913142412,0.39728167678503445,COMPLETE
76,0.9996134454892062,2022-09-19 14:53:12.943689,2022-09-19 14:53:51.288471,0 days 00:00:38.344782,0.5637960680756533,0.9564326349073555,0.10075625550940202,0.29570558639804345,12.0,3.0,666.0,1.51413454889202,2.242106582027004,0.4791477154311796,COMPLETE
163,0.9996134454892062,2022-09-19 15:53:36.194081,2022-09-19 15:54:17.914144,0 days 00:00:41.720063,0.5998921273805428,0.7630277294119001,0.1403775160405848,0.25247511106324383,14.0,3.0,684.0,1.218507057998708,1.1985117055964956,0.41332124660568864,COMPLETE
173,0.9996134454892062,2022-09-19 16:01:09.463923,2022-09-19 16:01:50.638129,0 days 00:00:41.174206,0.5918238484718064,0.7419808373873753,0.1625481880253677,0.22023388849084619,15.0,3.0,673.0,0.6624197959342152,1.9333702520824314,0.45489593051984656,COMPLETE
81,0.9996134454892062,2022-09-19 14:56:01.581570,2022-09-19 14:56:38.934203,0 days 00:00:37.352633,0.538745293086024,0.948955810264176,0.10767011570760157,0.2959805518311129,12.0,3.0,648.0,1.5107364341470235,2.222997990097808,0.46847943850692186,COMPLETE
298,0.9996123787026945,2022-09-19 17:30:36.130838,2022-09-19 17:31:05.271614,0 days 00:00:29.140776,0.586325244050596,0.7835481190180753,0.23438209660584924,0.25619818361424773,15.0,2.0,493.0,0.25166319487696487,1.3681429783302783,0.6347389148752066,COMPLETE
183,0.9996101416044986,2022-09-19 16:08:26.645741,2022-09-19 16:09:06.641368,0 days 00:00:39.995627,0.5580639544739348,0.7368487742414334,0.05056300241482651,0.2314497471223135,15.0,3.0,443.0,1.037781306700601,1.947067442173847,0.48932040152231643,COMPLETE
150,0.999606837719791,2022-09-19 15:43:41.071850,2022-09-19 15:44:29.606189,0 days 00:00:48.534339,0.5960114672628245,0.6147713020531239,0.092680767587358,0.22882629616731645,15.0,3.0,686.0,1.1802745709222546,1.885354891581387,0.429809456708058,COMPLETE
166,0.999606837719791,2022-09-19 15:55:56.909466,2022-09-19 15:56:42.442863,0 days 00:00:45.533397,0.5884049991038233,0.8486690484133038,0.12999006444193717,0.2280758680645132,15.0,3.0,668.0,1.019476128380287,1.9775619893904153,0.4237126029279755,COMPLETE
293,0.9996057526976123,2022-09-19 17:28:03.400316,2022-09-19 17:28:31.736271,0 days 00:00:28.335955,0.5998916047744741,0.7819940147164646,0.25191183286705676,0.26397738996962195,15.0,2.0,494.0,0.1853128554719953,1.3239794031964558,0.6255457734047983,COMPLETE
151,0.9996002299503757,2022-09-19 15:44:29.606751,2022-09-19 15:45:19.550825,0 days 00:00:49.944074,0.5860625415745147,0.6421351304190027,0.09269152149272707,0.22294635131500548,15.0,3.0,688.0,1.2211599877208772,2.030693185759291,0.4418447160086078,COMPLETE
118,0.999596926065668,2022-09-19 15:19:55.809651,2022-09-19 15:20:40.027939,0 days 00:00:44.218288,0.5997442502312277,0.9651441466012035,0.15872963802184076,0.22819331985763136,15.0,3.0,700.0,1.1646265779158205,1.928814742720385,0.44346850324353204,COMPLETE
155,0.999596926065668,2022-09-19 15:47:43.992523,2022-09-19 15:48:27.965820,0 days 00:00:43.973297,0.5893829827675062,0.9752926092581549,0.13737674394452062,0.24428675207210418,14.0,3.0,694.0,0.9627689560352526,2.0736026656749513,0.396685818189928,COMPLETE
266,0.9995958136899891,2022-09-19 17:14:08.610486,2022-09-19 17:14:39.621422,0 days 00:00:31.010936,0.5531249254388761,0.7935910400699002,0.22165762137269807,0.232709621499931,15.0,2.0,447.0,0.356718040390492,0.5130397511072347,0.4177080456999028,COMPLETE
287,0.9995958136899891,2022-09-19 17:24:55.187265,2022-09-19 17:25:28.679521,0 days 00:00:33.492256,0.5844157769012068,0.7998086554363696,0.24906233162165003,0.20147751551971227,15.0,2.0,510.0,0.11547189070494739,1.022438414815676,0.6294898423502145,COMPLETE
200,0.9995936221809604,2022-09-19 16:21:07.645626,2022-09-19 16:21:43.530326,0 days 00:00:35.884700,0.5650989017208938,0.6601308500033699,0.20441196888593186,0.2487653780112696,15.0,2.0,692.0,0.8079982384030485,1.9662670599953866,0.6720863524716122,COMPLETE
82,0.9995936221809604,2022-09-19 14:56:38.934555,2022-09-19 14:57:17.629852,0 days 00:00:38.695297,0.5390934463081436,0.9441266910590799,0.11629908718811341,0.2931391846751284,13.0,3.0,652.0,1.5357607840969298,2.225454719137825,0.4706319590430066,COMPLETE
207,0.9995936221809604,2022-09-19 16:26:57.243823,2022-09-19 16:27:42.761186,0 days 00:00:45.517363,0.5871416236173784,0.6835179250439722,0.13714813781232552,0.2204085690573201,15.0,5.0,694.0,1.0035722886522922,1.9612598783761879,0.46497303820641617,COMPLETE
72,0.9995903182962528,2022-09-19 14:50:43.414006,2022-09-19 14:51:22.384587,0 days 00:00:38.970581,0.5464121084287666,0.9720146714965054,0.09071194575691638,0.2781139918200835,12.0,2.0,624.0,1.5358198061605532,2.236124933970218,0.4889854741452029,COMPLETE
83,0.9995870144115451,2022-09-19 14:57:17.630223,2022-09-19 14:57:55.832565,0 days 00:00:38.202342,0.5364039255644232,0.9451681274705304,0.12066050088939949,0.29373043297462237,13.0,3.0,646.0,1.5500833000530636,2.213780801844368,0.4672192801261792,COMPLETE
87,0.9995870144115451,2022-09-19 14:59:38.401784,2022-09-19 15:00:16.779669,0 days 00:00:38.377885,0.5471667299713033,0.8604261233320335,0.10637780485249898,0.2913236677651041,13.0,3.0,649.0,1.5549264113120052,2.146917174173698,0.4522939177889218,COMPLETE
152,0.9995837105268375,2022-09-19 15:45:19.551267,2022-09-19 15:46:01.039070,0 days 00:00:41.487803,0.579634102493403,0.9891567394628993,0.1847226554707616,0.23968299030487888,15.0,3.0,700.0,1.1564769375641484,1.9586581928228242,0.4507496161612031,COMPLETE
179,0.9995804066421298,2022-09-19 16:05:16.534242,2022-09-19 16:05:59.391226,0 days 00:00:42.856984,0.5929704559460449,0.7218216978962911,0.14916630659280947,0.2297323516279618,15.0,3.0,679.0,0.8180889787002812,1.9083180532713049,0.4060960871088907,COMPLETE
138,0.9995771027574222,2022-09-19 15:35:04.953082,2022-09-19 15:35:50.987174,0 days 00:00:46.034092,0.5881225283803688,0.6081544657693343,0.05545091553358079,0.23923060590577466,14.0,4.0,677.0,1.2534698537556768,2.0580557534607076,0.37619809978102137,COMPLETE
71,0.9995771027574222,2022-09-19 14:50:05.890674,2022-09-19 14:50:43.413635,0 days 00:00:37.522961,0.5475969600849647,0.9704459006217229,0.0954418000866887,0.28870584308102704,12.0,1.0,581.0,1.7337460382179504,2.0657483875600087,0.5002343106823823,COMPLETE
202,0.9995771027574222,2022-09-19 16:22:39.109900,2022-09-19 16:23:23.414918,0 days 00:00:44.305018,0.5709547705296266,0.6365330412170507,0.1361425701474175,0.2399671005671998,15.0,2.0,683.0,1.1381423171549236,1.8901660320366984,0.4706435752280592,COMPLETE
91,0.9995737988727146,2022-09-19 15:01:53.460402,2022-09-19 15:02:30.733006,0 days 00:00:37.272604,0.5484760582919012,0.8057423923294407,0.11571207163746008,0.29113046488523514,13.0,3.0,643.0,1.628695667280287,2.254926226929071,0.4744881374991108,COMPLETE
186,0.9995737988727146,2022-09-19 16:10:33.984865,2022-09-19 16:11:16.340123,0 days 00:00:42.355258,0.5769997633030101,0.7810567790357275,0.15008127882559483,0.22106761700945435,14.0,3.0,668.0,1.2397492822080454,1.9995740349534374,0.4773525797178955,COMPLETE
94,0.9995704949880069,2022-09-19 15:03:41.518198,2022-09-19 15:04:19.160074,0 days 00:00:37.641876,0.5312426521198436,0.9289028373942372,0.15436657899766126,0.29653793360242614,15.0,4.0,693.0,1.3929777095402642,2.177727649702506,0.43946287650380794,COMPLETE
100,0.9995704949880069,2022-09-19 15:06:57.080548,2022-09-19 15:07:35.583112,0 days 00:00:38.502564,0.5802496882480522,0.9344072317017285,0.05695051639359765,0.28650512200543765,12.0,5.0,654.0,1.3418700186906296,2.2492798205874327,0.4773205188035891,COMPLETE
257,0.9995704949880069,2022-09-19 17:02:57.756819,2022-09-19 17:03:35.138436,0 days 00:00:37.381617,0.5898530353787225,0.8214729911986371,0.21413770124300038,0.23311841723848872,15.0,2.0,692.0,0.6101239133050698,0.6141207477098728,0.38899133025422356,COMPLETE
275,0.9995659966671194,2022-09-19 17:18:49.091219,2022-09-19 17:19:21.034057,0 days 00:00:31.942838,0.5446732765252731,0.7106003457216469,0.24072080026302403,0.22683827993895742,15.0,2.0,433.0,0.1576317343664293,0.5540290451070992,0.3506589856174573,COMPLETE
96,0.9995638872185916,2022-09-19 15:04:51.645415,2022-09-19 15:05:27.942847,0 days 00:00:36.297432,0.5700167953778323,0.8885269950947043,0.1807880537946279,0.2920423118824675,14.0,4.0,677.0,1.2084754567155764,2.15111283480704,0.45466978536200486,COMPLETE
141,0.9995572794491764,2022-09-19 15:37:17.222481,2022-09-19 15:38:03.039143,0 days 00:00:45.816662,0.5729408756625375,0.6158070295293832,0.12344242980213621,0.22245499282620299,15.0,4.0,689.0,1.1141206951431823,2.0866273393747226,0.4303093027257882,COMPLETE
68,0.9995539755644687,2022-09-19 14:48:35.403221,2022-09-19 14:49:11.741488,0 days 00:00:36.338267,0.5207099228653573,0.9742471134513843,0.11436417974556505,0.2775480112726403,12.0,2.0,620.0,1.7264710691276492,2.2909340796752504,0.5001770820459712,COMPLETE
142,0.9995539755644687,2022-09-19 15:38:03.039590,2022-09-19 15:38:48.099461,0 days 00:00:45.059871,0.5881402456614595,0.6002445476808501,0.14641805319215065,0.2289677182714721,15.0,3.0,683.0,1.1837732619167622,2.0274723904405803,0.4355062149311468,COMPLETE
178,0.9995473677950534,2022-09-19 16:04:34.898953,2022-09-19 16:05:16.533772,0 days 00:00:41.634819,0.5818291059913712,0.732125786531723,0.17401942264911052,0.2157356412503734,15.0,3.0,691.0,0.9299475843617,1.858948772146768,0.4760279250792845,COMPLETE
85,0.9995407600256382,2022-09-19 14:58:25.052440,2022-09-19 14:59:02.791444,0 days 00:00:37.739004,0.5631408308543866,0.9455921362778176,0.17068871440793398,0.2997006442748718,13.0,4.0,700.0,1.4387662552811284,2.090410368145651,0.4298256618768649,COMPLETE
218,0.9995407600256382,2022-09-19 16:34:01.278583,2022-09-19 16:34:50.167879,0 days 00:00:48.889296,0.588374405595972,0.6416559404530562,0.1850891545958241,0.181381795986591,15.0,2.0,680.0,0.609878042891673,1.9416920285722685,0.41987112958916345,COMPLETE
204,0.9995374561409305,2022-09-19 16:24:14.515053,2022-09-19 16:25:21.139093,0 days 00:01:06.624040,0.5792777696333227,0.6515294777951189,0.08828280072615677,0.13071389229511415,15.0,2.0,686.0,0.8574320237837039,1.8105257188623716,0.4507729832905093,COMPLETE
107,0.9995341522562229,2022-09-19 15:11:29.058674,2022-09-19 15:12:07.252412,0 days 00:00:38.193738,0.5917163260957624,0.9590787827779381,0.1585724729010604,0.28626381700384507,13.0,3.0,686.0,1.5932649364389981,2.0417031350842723,0.4713521564463801,COMPLETE
197,0.9995308483715152,2022-09-19 16:18:42.994995,2022-09-19 16:19:27.108684,0 days 00:00:44.113689,0.5754038828147945,0.605601437928206,0.14913239470943657,0.2226503824765705,14.0,3.0,685.0,1.2074232705379402,2.0042898898155723,0.4914667301217821,COMPLETE
136,0.9995308483715152,2022-09-19 15:33:38.366337,2022-09-19 15:34:23.457170,0 days 00:00:45.090833,0.5667370319671391,0.6342570090122489,0.15247784760533092,0.22485966922522882,15.0,4.0,693.0,0.9977872276947615,1.9920104825566076,0.40842939696082187,COMPLETE
296,0.9995262406366265,2022-09-19 17:29:37.692398,2022-09-19 17:30:05.096457,0 days 00:00:27.404059,0.587896164065624,0.7914271420143926,0.30972860652917605,0.2623899692081762,15.0,2.0,514.0,0.23497018183712634,1.4051824118529905,0.6075328372901755,COMPLETE
132,0.9995209367173923,2022-09-19 15:30:54.878083,2022-09-19 15:31:39.546740,0 days 00:00:44.668657,0.5995839922972435,0.6148046084093873,0.13725153371043608,0.2326991546746812,15.0,4.0,694.0,1.0705673161648859,1.947508204471484,0.37616473117185445,COMPLETE
160,0.9995176328326847,2022-09-19 15:51:17.164525,2022-09-19 15:51:58.497495,0 days 00:00:41.332970,0.570886110014669,0.6896996708980293,0.22331309208786165,0.19865216207016864,15.0,3.0,682.0,0.7875041522682158,0.5508896783799695,0.40194238771120633,COMPLETE
125,0.9995176328326847,2022-09-19 15:25:28.988300,2022-09-19 15:26:14.283772,0 days 00:00:45.295472,0.593778874181105,0.6245499047683944,0.1525485902538485,0.22319705933138975,15.0,3.0,673.0,1.0634077553398418,2.040328111562635,0.40329284131842263,COMPLETE
144,0.9994945056397312,2022-09-19 15:39:37.761932,2022-09-19 15:40:19.801402,0 days 00:00:42.039470,0.5915862985619339,0.6507396330013464,0.18685807556974776,0.22644585976759438,15.0,3.0,677.0,0.9868855985994202,2.010724712622658,0.4598432857508401,COMPLETE
128,0.9994912017550236,2022-09-19 15:27:55.322485,2022-09-19 15:28:37.132574,0 days 00:00:41.810089,0.5937575891289423,0.6683781905161412,0.2024473252081896,0.22111622061919636,15.0,3.0,673.0,0.8887956014110099,1.924003953205321,0.42307257280259375,COMPLETE
157,0.9994912017550236,2022-09-19 15:49:11.450246,2022-09-19 15:49:52.247111,0 days 00:00:40.796865,0.5742497401213048,0.7229094805995991,0.16640626082361726,0.22514226936984896,14.0,3.0,659.0,1.1125492599670932,1.1057962642106465,0.3878841641388667,COMPLETE
167,0.9994845939856083,2022-09-19 15:56:42.443324,2022-09-19 15:57:22.687993,0 days 00:00:40.244669,0.5772608009454858,0.7481915829989185,0.1730596577031529,0.22171481405129262,15.0,3.0,676.0,1.1284401252839065,0.9224539046004139,0.4305034875219122,COMPLETE
272,0.9994831716035926,2022-09-19 17:17:29.170851,2022-09-19 17:17:59.857867,0 days 00:00:30.687016,0.571847248374438,0.8132167317622105,0.2708472893535512,0.22867894982257223,15.0,2.0,438.0,0.24824962296361244,0.5880825072277637,0.3402877181623362,COMPLETE
190,0.9994812901009006,2022-09-19 16:13:35.244286,2022-09-19 16:14:09.732070,0 days 00:00:34.487784,0.57527772313614,0.8224851187649015,0.140378185528624,0.2385167917165369,15.0,3.0,403.0,1.1115094884708336,2.030854028374409,0.49488529245134977,COMPLETE
291,0.9994732325959694,2022-09-19 17:27:05.122286,2022-09-19 17:27:32.054160,0 days 00:00:26.931874,0.5899002027427399,0.8197327018519177,0.325538218788729,0.25198107502501826,15.0,2.0,500.0,0.08832601285367137,1.295432507933176,0.6353055313065041,COMPLETE
113,0.9994713784467777,2022-09-19 15:15:45.757464,2022-09-19 15:16:28.324044,0 days 00:00:42.566580,0.5970615636305148,0.9813356008692421,0.22198145313914092,0.2103758493540982,15.0,3.0,690.0,0.9595726065806761,2.0190345740521143,0.4195481182594783,COMPLETE
148,0.9994680745620701,2022-09-19 15:42:28.638248,2022-09-19 15:43:15.755117,0 days 00:00:47.116869,0.5570165042162495,0.6320351908325876,0.13758162407146188,0.21004608846257725,15.0,4.0,680.0,1.307848404513732,1.985600282526437,0.44794881298028416,COMPLETE
127,0.9994680745620701,2022-09-19 15:27:07.899760,2022-09-19 15:27:55.322077,0 days 00:00:47.422317,0.585369784985899,0.6334156152753807,0.15640241323109383,0.2041188530955092,15.0,3.0,680.0,1.191019966624466,1.9840737832139992,0.4113108701414504,COMPLETE
35,0.9994614667926548,2022-09-19 14:33:25.000724,2022-09-19 14:33:58.280901,0 days 00:00:33.280177,0.43675273598758524,0.9547746849842996,0.07926505331197217,0.2891843531484155,11.0,1.0,574.0,1.7024947804504844,1.5877951293649042,0.4964300746274646,COMPLETE
42,0.9994614667926548,2022-09-19 14:36:49.903704,2022-09-19 14:37:24.218919,0 days 00:00:34.315215,0.42433290248121536,0.9699570272576723,0.05265034370534674,0.2980530621607654,11.0,1.0,581.0,1.925523204543938,2.2268354589411112,0.4937153581231338,COMPLETE
137,0.9994581629079472,2022-09-19 15:34:23.457628,2022-09-19 15:35:04.952638,0 days 00:00:41.495010,0.5569505938378942,0.6209762647247499,0.20089182363628155,0.2320976878390796,15.0,4.0,700.0,0.9341543241232901,1.9109243196073824,0.4249053637649068,COMPLETE
188,0.9994515551385319,2022-09-19 16:12:05.397216,2022-09-19 16:12:47.196924,0 days 00:00:41.799708,0.56949997701996,0.6111882072803617,0.1953155781842925,0.23395934554746917,15.0,3.0,700.0,1.1414269106230028,2.0015310586410875,0.4398961286427642,COMPLETE
88,0.9994515551385319,2022-09-19 15:00:16.780042,2022-09-19 15:00:51.478676,0 days 00:00:34.698634,0.5614833822681996,0.8539182352579376,0.19303701285734987,0.294876303084163,13.0,3.0,682.0,1.461522734491389,2.1644991830783558,0.45052888288208287,COMPLETE
79,0.9994482512538242,2022-09-19 14:54:58.252283,2022-09-19 14:55:33.088019,0 days 00:00:34.835736,0.5547040159083292,0.9206435539820784,0.2072426498823287,0.2878775757746699,13.0,3.0,663.0,1.2511920536939911,2.2725668982119016,0.45396002043233197,COMPLETE
195,0.9994482512538242,2022-09-19 16:17:11.638057,2022-09-19 16:17:53.089942,0 days 00:00:41.451885,0.5565681727695078,0.6385479221595892,0.178133700239133,0.23486454212183377,15.0,5.0,695.0,1.0209308132894803,2.0396712471708134,0.4841746629707598,COMPLETE
105,0.9994053007526249,2022-09-19 15:10:10.999457,2022-09-19 15:10:44.707398,0 days 00:00:33.707941,0.5676048880094727,0.9836873519770277,0.221382093572216,0.2961195462449067,13.0,3.0,677.0,1.6548447461481186,2.2563158625625372,0.5166287834184408,COMPLETE
158,0.9994019968679173,2022-09-19 15:49:52.247561,2022-09-19 15:50:33.728097,0 days 00:00:41.480536,0.5841089957448452,0.7788774278494648,0.20807985821243355,0.20473037772548658,14.0,3.0,678.0,1.0417978884439454,0.849252539532527,0.4113221202669942,COMPLETE
90,0.9993920852137944,2022-09-19 15:01:07.530776,2022-09-19 15:01:53.460048,0 days 00:00:45.929272,0.5173099126594325,0.8276268235510318,0.10839837377782546,0.178222347338215,13.0,3.0,653.0,1.3493422500340546,2.127714974708049,0.4604415781008151,COMPLETE
37,0.9993689580208409,2022-09-19 14:34:31.509045,2022-09-19 14:35:04.714367,0 days 00:00:33.205322,0.43741296040752636,0.9768885713717815,0.080658714677613,0.2930217699887247,11.0,1.0,576.0,2.047745549819063,1.9438879047626911,0.4929022738792895,COMPLETE
123,0.9993491347125951,2022-09-19 15:23:55.272174,2022-09-19 15:24:37.048793,0 days 00:00:41.776619,0.5763461971220071,0.6440451515031712,0.19197498726882645,0.2374232108936802,15.0,3.0,697.0,1.217681674429282,1.875243988938006,0.437281715116386,COMPLETE
205,0.9993425269431798,2022-09-19 16:25:21.139593,2022-09-19 16:26:07.393539,0 days 00:00:46.253946,0.5718766003874189,0.6644250076184622,0.16939279314488018,0.16718292430669343,15.0,2.0,486.0,0.7700413791511266,2.1095364138762887,0.47895286627863026,COMPLETE
119,0.9993425269431798,2022-09-19 15:20:40.028254,2022-09-19 15:21:17.963146,0 days 00:00:37.934892,0.5819668637934867,0.9694238660943046,0.2796562606401761,0.22619954734812184,15.0,3.0,679.0,0.9923243216884632,1.89480911835946,0.4152278950982265,COMPLETE
61,0.9993392230584721,2022-09-19 14:45:10.163476,2022-09-19 14:45:41.689124,0 days 00:00:31.525648,0.4377852321572172,0.9760421426516741,0.2812301427787228,0.2749707841456573,12.0,2.0,621.0,0.2321935597448268,1.80358972532237,0.30187722792621785,COMPLETE
86,0.9993227036349339,2022-09-19 14:59:02.791817,2022-09-19 14:59:38.401475,0 days 00:00:35.609658,0.587349339371541,0.9200848922736166,0.2479939231183674,0.2842708692911926,14.0,3.0,659.0,1.294751128510404,2.234483288584113,0.40386938209303774,COMPLETE
36,0.9993193997502263,2022-09-19 14:33:58.281188,2022-09-19 14:34:31.508762,0 days 00:00:33.227574,0.4324565813483057,0.9478138791040549,0.07921309518328355,0.2899664843294867,11.0,1.0,575.0,2.0044262048216903,1.945297378676996,0.49038010040120844,COMPLETE
185,0.999312791980811,2022-09-19 16:09:52.956304,2022-09-19 16:10:33.984375,0 days 00:00:41.028071,0.5520792362778613,0.7679559586256078,0.2203935357963726,0.21168966417737672,15.0,3.0,694.0,1.095085077265167,1.959243254312654,0.4257304344113937,COMPLETE
41,0.9993028803266881,2022-09-19 14:36:18.029956,2022-09-19 14:36:49.903400,0 days 00:00:31.873444,0.404726345006537,0.9630168095662724,0.130357167822982,0.28682958410793996,11.0,1.0,564.0,1.9368654501494225,2.0475919460408987,0.5032951228012327,COMPLETE
54,0.9993028803266881,2022-09-19 14:42:05.899324,2022-09-19 14:42:38.845670,0 days 00:00:32.946346,0.45013420390801867,0.9684126646274,0.16217971406389148,0.26837193736055176,12.0,1.0,532.0,1.9278484729179708,1.8184242409698452,0.5071112426124974,COMPLETE
194,0.9993028803266881,2022-09-19 16:16:34.312914,2022-09-19 16:17:11.637566,0 days 00:00:37.324652,0.5543189654534789,0.6203063432456813,0.26486097462800456,0.22931854845293903,15.0,3.0,695.0,0.9640871375499863,1.9338736841104962,0.5035417023571,COMPLETE
146,0.9992995764419805,2022-09-19 15:41:04.572779,2022-09-19 15:41:42.717504,0 days 00:00:38.144725,0.5692988853650197,0.7141526509363866,0.25133822624246643,0.22081450902586697,15.0,4.0,687.0,1.2574854325092701,1.9303193255114526,0.459492639025214,COMPLETE
25,0.9992995764419805,2022-09-19 14:28:38.338430,2022-09-19 14:29:10.380528,0 days 00:00:32.042098,0.38805567234469895,0.7684512689823064,0.28233543417907325,0.2584429075267042,12.0,2.0,641.0,0.20564067217900184,1.9471895647895874,0.3866661182287007,COMPLETE
34,0.9992830570184423,2022-09-19 14:32:52.638618,2022-09-19 14:33:25.000436,0 days 00:00:32.361818,0.4030098376825524,0.9511431760868087,0.05536945685499903,0.2855570846171279,11.0,2.0,570.0,1.3245368658635694,1.6022386954624173,0.39069067268764085,COMPLETE
92,0.9992830570184423,2022-09-19 15:02:30.733360,2022-09-19 15:03:02.638323,0 days 00:00:31.904963,0.5703667322283725,0.9608991658449708,0.26535299992994166,0.2889376345590779,12.0,3.0,667.0,1.2796661210461537,2.110623943691799,0.4849432907554874,COMPLETE
209,0.9992599298254888,2022-09-19 16:28:06.980216,2022-09-19 16:28:49.536258,0 days 00:00:42.556042,0.551843753213824,0.635802164979625,0.24273772662910342,0.19851453791311788,15.0,2.0,690.0,1.0631661393973677,1.8873341799577399,0.48337935853321634,COMPLETE
170,0.9992599298254888,2022-09-19 15:58:57.016278,2022-09-19 15:59:36.571943,0 days 00:00:39.555665,0.5684516179122999,0.7352147565263317,0.22874474920087529,0.21336601297441563,14.0,3.0,695.0,1.1817210034350183,1.9077581611663073,0.45068857599204976,COMPLETE
130,0.9992368026325353,2022-09-19 15:29:27.523622,2022-09-19 15:30:05.472143,0 days 00:00:37.948521,0.574778913373499,0.6531525895222364,0.24555479394422092,0.24398253589607447,15.0,3.0,682.0,1.1279067854163816,2.1039267472207577,0.444445332503159,COMPLETE
62,0.9992368026325353,2022-09-19 14:45:41.689451,2022-09-19 14:46:11.634429,0 days 00:00:29.944978,0.4671535770012352,0.9784184079520984,0.2379141625282688,0.274758653943485,12.0,1.0,621.0,1.8334945222112304,1.7904681570770715,0.6611460691968034,COMPLETE
38,0.9992202832089971,2022-09-19 14:35:04.714652,2022-09-19 14:35:35.389813,0 days 00:00:30.675161,0.441758735913619,0.9864258568564406,0.13831213968437367,0.29623728718147213,11.0,1.0,542.0,2.072483171115034,1.9626554546095796,0.49413926542286124,COMPLETE
102,0.9992070676701665,2022-09-19 15:08:15.797695,2022-09-19 15:08:48.085703,0 days 00:00:32.288008,0.5475506941138514,0.9150230346740723,0.24998900045035893,0.2998153710612836,13.0,3.0,690.0,1.5999304090331292,2.175672217280563,0.45804338067035255,COMPLETE
55,0.999157509399552,2022-09-19 14:42:38.845991,2022-09-19 14:43:08.519378,0 days 00:00:29.673387,0.4478818543898997,0.9602547887075321,0.17019677001599962,0.29456615101163075,11.0,1.0,527.0,1.8973797574803732,1.793981706096079,0.4628922250787856,COMPLETE
44,0.9991442938607215,2022-09-19 14:37:47.518040,2022-09-19 14:38:17.837075,0 days 00:00:30.319035,0.42366216566602855,0.9298294292843999,0.1938537473661,0.2923147589487445,11.0,1.0,584.0,1.980048441387296,2.198124616236374,0.5422067255015004,COMPLETE
63,0.9991310783218909,2022-09-19 14:46:11.634750,2022-09-19 14:46:44.142714,0 days 00:00:32.507964,0.4366599473296046,0.9401192227765672,0.12689920765134916,0.2841427485195363,11.0,2.0,599.0,2.045206248830959,1.6649410126217363,0.43923921683081707,COMPLETE
50,0.9991277744371833,2022-09-19 14:40:09.637655,2022-09-19 14:40:40.255710,0 days 00:00:30.618055,0.369697908730132,0.902954633313651,0.05506994716862685,0.29014707025350994,10.0,1.0,606.0,1.6229597706262815,1.8975534575781268,0.5679551319095532,COMPLETE
74,0.9991244705524756,2022-09-19 14:52:01.342168,2022-09-19 14:52:33.367944,0 days 00:00:32.025776,0.5511275187813511,0.9368565423982208,0.30165340031260174,0.27978964691612374,13.0,2.0,628.0,1.4038790465288704,2.1402322859515777,0.44595798952722104,COMPLETE
51,0.9990947355901069,2022-09-19 14:40:40.256066,2022-09-19 14:41:12.170023,0 days 00:00:31.913957,0.4132473313074419,0.9877717119437734,0.20451686421478515,0.2839039471741387,12.0,1.0,549.0,1.9706821431668304,2.1400843348162506,0.42257590291352054,COMPLETE
28,0.9990914317053992,2022-09-19 14:29:57.674357,2022-09-19 14:30:27.650076,0 days 00:00:29.975719,0.34411966626148427,0.9491134687795267,0.3238060287277915,0.26242303559807717,14.0,2.0,632.0,1.0460788212157661,1.3804510747699419,0.4549772067259352,COMPLETE
8,0.999074912281861,2022-09-19 14:19:00.883527,2022-09-19 14:19:45.894809,0 days 00:00:45.011282,0.5334682322158717,0.7503322840767958,0.3214794856070469,0.2523280483041267,14.0,4.0,604.0,0.9115688029147333,1.4423626119521025,0.6543443322536246,COMPLETE
95,0.9990286578959541,2022-09-19 15:04:19.160443,2022-09-19 15:04:51.645015,0 days 00:00:32.484572,0.558002444533774,0.9459637503287126,0.3202406366580692,0.29381775894959516,13.0,3.0,672.0,1.527922704137413,2.2160049342645762,0.40136199112132875,COMPLETE
69,0.9990286578959541,2022-09-19 14:49:11.741819,2022-09-19 14:49:47.459701,0 days 00:00:35.717882,0.5257082333774903,0.9774808569100362,0.2105334033870001,0.2719973518072495,12.0,2.0,619.0,1.6093835525536222,2.2999341371101387,0.3012209399112047,COMPLETE
23,0.999002226818293,2022-09-19 14:27:35.866192,2022-09-19 14:28:09.291498,0 days 00:00:33.425306,0.3929776644526645,0.7614052935678289,0.26039649033080514,0.26151747454504476,12.0,2.0,649.0,1.1572317739843365,1.5293415264509116,0.3779104603287645,COMPLETE
6,0.9989625802018013,2022-09-19 14:17:43.965683,2022-09-19 14:18:30.180091,0 days 00:00:46.214408,0.4384836138706454,0.6984352824752893,0.1147143259746775,0.2573667850680126,10.0,1.0,652.0,0.15727933672050656,1.8389604671708366,0.3577238678224697,COMPLETE
99,0.9989592763170937,2022-09-19 15:06:28.792228,2022-09-19 15:06:57.080169,0 days 00:00:28.287941,0.5891208549543854,0.8645108271970227,0.38455659307890216,0.298259963183884,14.0,3.0,660.0,1.4804069724149251,0.9367546648890592,0.44496538216440157,COMPLETE
84,0.9989394530088478,2022-09-19 14:57:55.832933,2022-09-19 14:58:25.052080,0 days 00:00:29.219147,0.5398068253164612,0.9331191177275815,0.33331749361674745,0.29414317352323743,13.0,3.0,648.0,1.5213509769845848,2.19891313398224,0.4693409072070881,COMPLETE
31,0.9989229335853096,2022-09-19 14:31:20.746863,2022-09-19 14:31:53.063091,0 days 00:00:32.316228,0.3325735405331691,0.838790840140543,0.28760468404187667,0.26162942189576344,13.0,2.0,614.0,1.2168272810934895,1.4178498348091475,0.3873728928035792,COMPLETE
140,0.9989130219311867,2022-09-19 15:36:39.950891,2022-09-19 15:37:17.222028,0 days 00:00:37.271137,0.5657291168728258,0.6595200724150773,0.3020889989143777,0.21898553053030007,14.0,5.0,694.0,1.0332047388023158,1.960804872595381,0.4113263132335316,COMPLETE
33,0.9989097180464791,2022-09-19 14:32:20.416193,2022-09-19 14:32:52.638336,0 days 00:00:32.222143,0.42281538462983337,0.7278657452871196,0.2884380118754719,0.2700271498861774,13.0,1.0,684.0,1.4983661072626184,1.1496766043657116,0.4285105194302802,COMPLETE
57,0.9989031102770638,2022-09-19 14:43:33.173386,2022-09-19 14:44:00.289135,0 days 00:00:27.115749,0.48089262126814225,0.8855385366166197,0.13645236485816958,0.280127874863448,10.0,1.0,542.0,1.5652187789939256,1.703425406064672,0.5266215200250444,COMPLETE
66,0.9988601597758645,2022-09-19 14:47:44.924533,2022-09-19 14:48:15.816922,0 days 00:00:30.892389,0.44369988999250226,0.9545072697527747,0.26830585380783445,0.24229611422237074,11.0,1.0,589.0,1.6642703893947335,1.7299165801078975,0.4871762789134598,COMPLETE
47,0.9988469442370339,2022-09-19 14:39:06.129716,2022-09-19 14:39:34.753879,0 days 00:00:28.624163,0.49566723254673656,0.9286798472675054,0.14709636619581362,0.298673381644641,10.0,1.0,584.0,2.0965087270668765,2.043603486317068,0.47422290768664543,COMPLETE
59,0.9988139053899575,2022-09-19 14:44:24.933186,2022-09-19 14:44:53.995319,0 days 00:00:29.062133,0.4022243753126377,0.9139553906346894,0.05090884941274213,0.2867259185513794,10.0,1.0,574.0,1.898468246460547,2.1928777610887438,0.5342813703010151,COMPLETE
39,0.9988139053899575,2022-09-19 14:35:35.390114,2022-09-19 14:36:03.052489,0 days 00:00:27.662375,0.48269541413944295,0.9098024664388656,0.13859573948316178,0.290466522390352,10.0,1.0,561.0,1.89054604738754,2.1280045955506974,0.5509048763027384,COMPLETE
77,0.998790778197004,2022-09-19 14:53:51.288851,2022-09-19 14:54:19.455209,0 days 00:00:28.166358,0.5718851785994508,0.9558150960910939,0.4291207812146526,0.2964738847851436,12.0,3.0,672.0,1.5085482761964755,2.255484292205657,0.4809240111353024,COMPLETE
53,0.9987874743122964,2022-09-19 14:41:39.030181,2022-09-19 14:42:05.898998,0 days 00:00:26.868817,0.3786618773412942,0.9141840525695908,0.33944557644615414,0.29162516483319756,11.0,1.0,563.0,1.4531045833607568,1.9150504706114306,0.48731701466662786,COMPLETE
104,0.9987379160416818,2022-09-19 15:09:28.230986,2022-09-19 15:10:10.999095,0 days 00:00:42.768109,0.5247507192705184,0.9495561309554476,0.17912789734536186,0.1523959621059423,12.0,3.0,665.0,1.4653400826667629,2.079655307935489,0.4836424778412786,COMPLETE
58,0.9987213966181436,2022-09-19 14:44:00.289451,2022-09-19 14:44:24.932858,0 days 00:00:24.643407,0.42851694000472923,0.9545448649028655,0.22411713935592936,0.2999971158674291,11.0,1.0,429.0,2.046260361483496,1.853602806327447,0.4781067068954784,COMPLETE
280,0.9987112420115226,2022-09-19 17:21:09.576867,2022-09-19 17:21:32.992210,0 days 00:00:23.415343,0.5823269058721906,0.7762680632984401,0.6216536228913785,0.2276218879001479,15.0,2.0,499.0,0.3035954525663492,0.5969936618488696,0.6005898595569396,COMPLETE
52,0.9986586228086984,2022-09-19 14:41:12.170348,2022-09-19 14:41:39.029831,0 days 00:00:26.859483,0.39362294912489676,0.936335974007768,0.4032059345049825,0.2757207861055146,12.0,1.0,591.0,1.8170689871955985,1.9648209903259966,0.524557807697894,COMPLETE
21,0.9986090645380838,2022-09-19 14:26:37.190130,2022-09-19 14:27:07.470466,0 days 00:00:30.280336,0.2588884619833459,0.8175077446423036,0.40134687265491586,0.28218480219269937,13.0,3.0,657.0,0.8313113027131023,1.4630364062916927,0.3365965524228535,COMPLETE
80,0.9985859373451305,2022-09-19 14:55:33.088383,2022-09-19 14:56:01.581109,0 days 00:00:28.492726,0.5805448682119295,0.8979682804079115,0.5094873593164512,0.2646915676970772,13.0,3.0,683.0,1.3742177773248414,2.1649558252078736,0.4358444447038851,COMPLETE
16,0.9985595062674693,2022-09-19 14:23:46.689388,2022-09-19 14:24:30.949805,0 days 00:00:44.260417,0.27862211788187474,0.7901631157755958,0.4047682545698611,0.27646122705806536,13.0,3.0,656.0,0.9058294410951633,1.4932995945956065,0.36636490259609744,COMPLETE
10,0.9984868208039013,2022-09-19 14:20:10.539087,2022-09-19 14:20:45.925932,0 days 00:00:35.386845,0.5786963424044009,0.7880157809560221,0.61664710684121,0.2983170545671005,12.0,3.0,692.0,0.6278751148344357,2.1745253416884265,0.522978914435312,COMPLETE
24,0.9984372625332867,2022-09-19 14:28:09.291735,2022-09-19 14:28:38.338158,0 days 00:00:29.046423,0.40467505926333097,0.69994350499973,0.2096841454667536,0.2592476554437745,10.0,1.0,613.0,1.172634597696666,1.8015196452612028,0.4106862555589352,COMPLETE
32,0.9984240469944561,2022-09-19 14:31:53.063365,2022-09-19 14:32:20.415903,0 days 00:00:27.352538,0.38794600035442567,0.7931972045119753,0.47046361342587817,0.24909933685168792,12.0,2.0,643.0,1.0899870628908233,1.3086633287375125,0.46564943620610383,COMPLETE
22,0.9984108314556255,2022-09-19 14:27:07.470735,2022-09-19 14:27:35.865941,0 days 00:00:28.395206,0.2562493780842586,0.8141739660355641,0.49375547552239285,0.28591672236546334,14.0,3.0,668.0,0.7566989820947185,1.3749037704826952,0.35669859304419654,COMPLETE
11,0.9984009198015026,2022-09-19 14:20:45.926177,2022-09-19 14:21:34.798481,0 days 00:00:48.872304,0.4070769507940207,0.7381014811826294,0.08493684383380687,0.22073994197985342,11.0,4.0,628.0,0.15341450977782176,1.733927033365877,0.4091237214293866,COMPLETE
56,0.9983315382226422,2022-09-19 14:43:08.519708,2022-09-19 14:43:33.173081,0 days 00:00:24.653373,0.5065383602638284,0.9752768144016831,0.5006003242908542,0.26880724649786475,12.0,1.0,501.0,1.9921485504967225,2.0168210652208236,0.5067265735365099,COMPLETE
46,0.9983315382226422,2022-09-19 14:38:40.927788,2022-09-19 14:39:06.129415,0 days 00:00:25.201627,0.41581610059647256,0.8928256410355203,0.44472757399137,0.2878081362418219,11.0,1.0,572.0,1.9838837128874918,1.7539136884989655,0.5133293122837803,COMPLETE
64,0.998268764413197,2022-09-19 14:46:44.143080,2022-09-19 14:47:20.059544,0 days 00:00:35.916464,0.4156962754875698,0.9625200380785905,0.3549329568451792,0.1914478147492431,13.0,1.0,555.0,1.9446753627164426,2.0119891266163674,0.32787283179950294,COMPLETE
65,0.998103570177815,2022-09-19 14:47:20.060036,2022-09-19 14:47:44.924191,0 days 00:00:24.864155,0.45602626083439957,0.9899871129064126,0.5607190823199832,0.2650195019574246,12.0,2.0,574.0,2.099754656542652,2.0986456726944094,0.5129452011817842,COMPLETE
30,0.9979615031353866,2022-09-19 14:30:52.025836,2022-09-19 14:31:20.746583,0 days 00:00:28.720747,0.47814331138748356,0.926200439409972,0.7580251927250721,0.16371859989759008,14.0,2.0,634.0,0.5074771115124688,1.032977866760982,0.5142772582297761,COMPLETE
210,0.997911944864772,2022-09-19 16:28:49.536785,2022-09-19 16:29:20.569695,0 days 00:00:31.032910,0.599396483590094,0.6602257420137061,0.7255156850137315,0.18685331145137268,15.0,2.0,675.0,0.8585365427724363,1.6698997594072895,0.4436794390463165,COMPLETE
48,0.9977269273211442,2022-09-19 14:39:34.754191,2022-09-19 14:39:55.853778,0 days 00:00:21.099587,0.46887633031113896,0.9718927397482799,0.660780512427662,0.2800589125454449,11.0,1.0,473.0,1.7037980705049285,2.228978714675567,0.5419797202625228,COMPLETE
109,0.9977203195517289,2022-09-19 15:12:56.468032,2022-09-19 15:13:23.768008,0 days 00:00:27.299976,0.5760158478713066,0.984467465204006,0.8262798464698291,0.21735814240844883,14.0,4.0,696.0,1.1101384575058282,1.9755144035230137,0.43317612259107335,COMPLETE
45,0.9976806729352372,2022-09-19 14:38:17.837347,2022-09-19 14:38:40.927494,0 days 00:00:23.090147,0.463460475011326,0.96823685408868,0.5845888600058444,0.2743974786152035,10.0,1.0,543.0,1.675369372642704,2.0653161321530953,0.49490915961344634,COMPLETE
13,0.9976410263187456,2022-09-19 14:22:03.846456,2022-09-19 14:22:46.890180,0 days 00:00:43.043724,0.5995454598037896,0.6032683279377675,0.3547344145395719,0.22052795646553722,10.0,4.0,696.0,0.0741392649053253,2.298138618130026,0.43665608428581976,COMPLETE
43,0.9975353020081011,2022-09-19 14:37:24.219226,2022-09-19 14:37:47.517729,0 days 00:00:23.298503,0.4466882906152359,0.964774096941523,0.05099631116451987,0.29958198224506216,9.0,1.0,563.0,1.9132004215320177,2.268198456488334,0.501977933258129,COMPLETE
26,0.9974262738127491,2022-09-19 14:29:10.380816,2022-09-19 14:29:34.959713,0 days 00:00:24.578897,0.38565566657233685,0.7634252786411411,0.6834366286395647,0.20878300657062643,12.0,2.0,534.0,0.46580364408344044,2.095298645161805,0.6965769418171912,COMPLETE
216,0.9973932349656727,2022-09-19 16:32:44.565562,2022-09-19 16:33:11.445969,0 days 00:00:26.880407,0.5616931042232427,0.8200541817042891,0.9223992735669342,0.20774415999060594,15.0,2.0,700.0,0.891799734256034,2.109980877947055,0.45104567984783706,COMPLETE
227,0.9972775990009053,2022-09-19 16:41:06.829526,2022-09-19 16:41:33.603279,0 days 00:00:26.773753,0.4909947490031749,0.7989770033004147,0.19294754438477196,0.24240948402568463,9.0,2.0,695.0,0.5272073124551699,1.9709701491967757,0.42952084066584273,COMPLETE
14,0.9972445601538289,2022-09-19 14:22:46.890428,2022-09-19 14:23:19.823888,0 days 00:00:32.933460,0.4541548126036182,0.7454585482535433,0.9336392662401244,0.2756588582142244,13.0,2.0,595.0,0.7104176371574981,1.5236157294799533,0.48280296293231856,COMPLETE
19,0.9970496309560781,2022-09-19 14:25:40.849864,2022-09-19 14:26:15.063161,0 days 00:00:34.213297,0.5300798495703248,0.7703962395737667,0.8761086527210272,0.26948575343133446,10.0,4.0,675.0,0.3752125830238109,1.636948627495095,0.5543662048505469,COMPLETE
7,0.9969571221842642,2022-09-19 14:18:30.180321,2022-09-19 14:19:00.883202,0 days 00:00:30.702881,0.35120696630195225,0.6610512003516218,0.7635424810503699,0.24842848606364365,14.0,2.0,503.0,1.3082645206255958,1.204638041648869,0.6333003850968895,COMPLETE
18,0.9968811328359886,2022-09-19 14:24:57.244424,2022-09-19 14:25:40.849587,0 days 00:00:43.605163,0.4568764923022689,0.60226957446335,0.2286649598993798,0.2033486653489084,11.0,5.0,592.0,0.936159000616194,1.0580782493843386,0.3598080396947094,COMPLETE
70,0.9961278471226468,2022-09-19 14:49:47.460086,2022-09-19 14:50:05.890343,0 days 00:00:18.430257,0.5979314990332152,0.9441196789705977,1.3986964030119426,0.2814300657465878,13.0,3.0,596.0,0.24130748421839185,1.5788799050301183,0.46948044882428464,COMPLETE
149,0.9960981121602781,2022-09-19 15:43:15.755589,2022-09-19 15:43:41.071371,0 days 00:00:25.315782,0.5730202433559148,0.6267455190738901,1.0685886607973802,0.23173613930441805,15.0,3.0,693.0,1.0305668180482603,2.13528007011518,0.40633692066329347,COMPLETE
176,0.9959593490025572,2022-09-19 16:03:24.629439,2022-09-19 16:03:48.493513,0 days 00:00:23.864074,0.5776830891839878,0.808374599792554,1.2442359767778683,0.20903713678474117,15.0,3.0,700.0,0.8838079162721879,1.8627408273941484,0.43399313182808263,COMPLETE
67,0.9954736779505342,2022-09-19 14:48:15.817280,2022-09-19 14:48:35.402894,0 days 00:00:19.585614,0.42891430633785205,0.9223612642667272,1.1406477467106684,0.294222167464962,12.0,1.0,608.0,2.0129593013581997,1.8350085408457226,0.46039212776655447,COMPLETE
15,0.9951796322115544,2022-09-19 14:23:19.824222,2022-09-19 14:23:46.689164,0 days 00:00:26.864942,0.5130024089816559,0.6856731963640957,1.1010580752270642,0.2299478810016145,12.0,4.0,404.0,0.35953704051189905,2.0038247622693386,0.5726901732467276,COMPLETE
27,0.994175251260432,2022-09-19 14:29:34.960022,2022-09-19 14:29:57.674091,0 days 00:00:22.714069,0.3282591022131776,0.7611847285672402,1.0104097594298103,0.22950933216063904,12.0,2.0,581.0,1.7676724249555404,1.6205740663522108,0.388198525193572,COMPLETE
208,0.9935045626647813,2022-09-19 16:27:42.761685,2022-09-19 16:28:06.979649,0 days 00:00:24.217964,0.583650908440579,0.6482316787125727,1.4793091914906278,0.19039971207294568,15.0,2.0,680.0,1.110841070452116,1.9293144329668277,0.45608729089638556,COMPLETE
29,0.9934219655470903,2022-09-19 14:30:27.650341,2022-09-19 14:30:52.025563,0 days 00:00:24.375222,0.3585803276368579,0.9854770423980149,1.3054663027672775,0.14697762142797935,14.0,3.0,555.0,1.0360642522347339,1.254449915366284,0.4452452776278705,COMPLETE
273,0.993373994917854,2022-09-19 17:17:59.858218,2022-09-19 17:18:15.576070,0 days 00:00:15.717852,0.5871279735094614,0.8181593637877381,1.848121840714178,0.2410660886095588,15.0,2.0,425.0,0.24214356330948433,0.6903690779896877,0.3649618808148395,COMPLETE
2,0.9927975313373465,2022-09-19 14:15:46.627464,2022-09-19 14:16:15.269950,0 days 00:00:28.642486,0.42005923008963286,0.6586909342668023,1.4408795694263827,0.2668513271327598,13.0,5.0,573.0,1.4436754442086965,0.5349551889967409,0.5983622987286276,COMPLETE
97,0.9927611886055624,2022-09-19 15:05:27.943253,2022-09-19 15:05:45.820898,0 days 00:00:17.877645,0.5098429540339487,0.9073876626031054,1.6605149315536623,0.28210084414523984,13.0,4.0,647.0,1.4253173364768428,2.294300176092685,0.4274428082244396,COMPLETE
4,0.991895570812161,2022-09-19 14:16:55.330038,2022-09-19 14:17:17.965378,0 days 00:00:22.635340,0.5025524876925952,0.9011389499906182,2.095945822833094,0.25569199677131216,15.0,1.0,458.0,1.359960780807327,0.811272856742888,0.688315777669302,COMPLETE
253,0.9906268790844275,2022-09-19 17:00:40.460116,2022-09-19 17:00:57.925855,0 days 00:00:17.465739,0.5837193204605554,0.8303004901140456,2.286962130026675,0.24085563509308042,15.0,2.0,687.0,0.3921249811371099,0.5521985406253659,0.3968745858952191,COMPLETE
134,0.9904815081572913,2022-09-19 15:32:28.168949,2022-09-19 15:32:46.991996,0 days 00:00:18.823047,0.5829252268669998,0.6033900693423733,1.9093311354930809,0.2365658155823956,15.0,3.0,683.0,0.8403605662267374,1.8581857162325703,0.4176857440632174,COMPLETE
279,0.9897230661175918,2022-09-19 17:20:54.157781,2022-09-19 17:21:09.576478,0 days 00:00:15.418697,0.5819680019980454,0.7900860626804208,0.28727592571688204,0.23823191628254764,9.0,2.0,416.0,0.27563704599788474,0.5116269836465374,0.6908502090842504,COMPLETE
12,0.9896324097874281,2022-09-19 14:21:34.798741,2022-09-19 14:22:03.846194,0 days 00:00:29.047453,0.36262108539454707,0.7301753874348054,0.5526056508785745,0.2938989439413839,8.0,2.0,621.0,0.6439617126837469,1.6813022101126742,0.5285998025599823,COMPLETE
40,0.989146738735405,2022-09-19 14:36:03.052775,2022-09-19 14:36:18.029654,0 days 00:00:14.976879,0.43173114492479486,0.8780668419507721,1.845542715334364,0.27982825651809473,11.0,1.0,516.0,1.747017144388154,1.879991543197701,0.5876042787891584,COMPLETE
3,0.9891302193118668,2022-09-19 14:16:15.270183,2022-09-19 14:16:55.329807,0 days 00:00:40.059624,0.3009664610884904,0.8307539872803544,0.078771386043958,0.18722803003644392,9.0,1.0,640.0,2.0380574826852844,0.7208121598602497,0.3016700459550629,COMPLETE
1,0.9887965269563953,2022-09-19 14:15:22.533941,2022-09-19 14:15:46.627237,0 days 00:00:24.093296,0.5636521066504842,0.9544568287068247,2.100936998366155,0.24648477476270247,11.0,1.0,559.0,1.5736243836800292,1.2691760094407645,0.6120043478513681,COMPLETE
89,0.9886181171821828,2022-09-19 15:00:51.479040,2022-09-19 15:01:07.530413,0 days 00:00:16.051373,0.5382984234011184,0.9030537821839976,2.316171437616063,0.2836488575699824,14.0,3.0,636.0,1.5590333390003455,2.2171140808796324,0.4178567482741732,COMPLETE
20,0.9884595307162162,2022-09-19 14:26:15.063427,2022-09-19 14:26:37.189855,0 days 00:00:22.126428,0.31227930612032584,0.654043599520439,1.6978124050210848,0.23632199386977207,14.0,3.0,601.0,1.0381503655932538,1.0238615884355462,0.4511555301666646,COMPLETE
212,0.9876467750781369,2022-09-19 16:30:13.654768,2022-09-19 16:30:32.900144,0 days 00:00:19.245376,0.5736853373901577,0.8364670374508857,2.4701338478729795,0.1981101814244036,15.0,2.0,696.0,0.6911049550355265,1.9970535984629363,0.4654002464344311,COMPLETE
49,0.9875740896145688,2022-09-19 14:39:55.854073,2022-09-19 14:40:09.637352,0 days 00:00:13.783279,0.43665870547429314,0.9433221879096052,2.101495676268897,0.26982259204855713,11.0,1.0,510.0,1.8429583402265102,0.5351713348290982,0.6150362633354339,COMPLETE
17,0.9861468114208687,2022-09-19 14:24:30.950082,2022-09-19 14:24:57.244141,0 days 00:00:26.294059,0.37384424802754107,0.7113816223720665,1.5899279373982842,0.24148426898940736,9.0,2.0,525.0,0.41978102900688197,1.9587265637520916,0.4769564316673107,COMPLETE
215,0.9845774661847401,2022-09-19 16:32:23.173600,2022-09-19 16:32:44.565067,0 days 00:00:21.391467,0.5665149282929881,0.7955938118885183,0.13376814974839418,0.19388327198608085,8.0,2.0,684.0,0.5669563840189417,2.067049129727085,0.4557493112584365,COMPLETE
5,0.9841545689421622,2022-09-19 14:17:17.965831,2022-09-19 14:17:43.965431,0 days 00:00:25.999600,0.465926385167025,0.8771060639366209,2.4492560453296055,0.14017908785919958,15.0,4.0,493.0,1.8235452833682404,0.8333911683482049,0.6553362949096377,COMPLETE
9,0.9831997462616544,2022-09-19 14:19:45.895055,2022-09-19 14:20:10.538846,0 days 00:00:24.643791,0.5423933284538895,0.8563179031045343,2.3713697155043096,0.18996399409559028,15.0,5.0,483.0,1.5718470995479126,1.8441347824079293,0.3141085580070078,COMPLETE
60,0.9811447299735029,2022-09-19 14:44:53.995630,2022-09-19 14:45:10.163154,0 days 00:00:16.167524,0.4544741371765137,0.8688591989033375,0.37774252625517435,0.25321445365106565,8.0,5.0,531.0,1.7791110820821738,1.5572534453455207,0.567251435727255,COMPLETE
0,0.9779961278471226,2022-09-19 14:14:51.720939,2022-09-19 14:15:22.533673,0 days 00:00:30.812734,0.4936047222883896,0.8564954381967027,1.260080468980184,0.17314263525241846,9.0,3.0,451.0,1.1420018663849785,1.2649406836008894,0.41515623491804793,COMPLETE
261,,2022-09-19 17:05:38.595098,,,,,,,,,,,,,RUNNING
