iteration,roc_weighted,datetime_start,datetime_complete,duration,max_depth,max_leaves,min_samples_leaf,min_samples_split,n_bins,n_estimators,state
56,0.9397582035304102,2022-09-30 22:08:31.572231,2022-09-30 22:09:37.009557,0 days 00:01:05.437326,22.0,399.0,102.0,16.0,203.0,427.0,COMPLETE
85,0.9395264380417772,2022-09-30 22:42:57.368440,2022-09-30 22:44:01.581829,0 days 00:01:04.213389,23.0,390.0,113.0,12.0,452.0,410.0,COMPLETE
132,0.9393775310524529,2022-09-30 23:38:59.329241,2022-09-30 23:40:09.192572,0 days 00:01:09.863331,24.0,395.0,116.0,11.0,368.0,449.0,COMPLETE
116,0.9393738599671324,2022-09-30 23:20:56.141477,2022-09-30 23:22:07.500689,0 days 00:01:11.359212,21.0,388.0,112.0,11.0,368.0,459.0,COMPLETE
156,0.9393652185882817,2022-10-01 00:06:53.616452,2022-10-01 00:08:04.164915,0 days 00:01:10.548463,21.0,398.0,114.0,13.0,302.0,456.0,COMPLETE
153,0.9393630320988384,2022-10-01 00:03:28.694828,2022-10-01 00:04:38.520843,0 days 00:01:09.826015,19.0,396.0,111.0,14.0,336.0,451.0,COMPLETE
162,0.9393380700467663,2022-10-01 00:13:46.244524,2022-10-01 00:14:58.162303,0 days 00:01:11.917779,21.0,396.0,111.0,13.0,336.0,464.0,COMPLETE
217,0.939314661547076,2022-10-01 01:17:14.985402,2022-10-01 01:18:19.996835,0 days 00:01:05.011433,23.0,392.0,113.0,28.0,357.0,417.0,COMPLETE
234,0.9393089641609655,2022-10-01 01:36:15.172683,2022-10-01 01:37:20.190550,0 days 00:01:05.017867,25.0,396.0,111.0,27.0,473.0,415.0,COMPLETE
208,0.9392998087233085,2022-10-01 01:07:35.521959,2022-10-01 01:08:37.420957,0 days 00:01:01.898998,20.0,392.0,113.0,32.0,357.0,397.0,COMPLETE
149,0.9392473442595674,2022-09-30 23:58:57.892787,2022-10-01 00:00:07.598237,0 days 00:01:09.705450,20.0,400.0,108.0,14.0,336.0,449.0,COMPLETE
197,0.9392148188680082,2022-10-01 00:55:28.563876,2022-10-01 00:56:33.541238,0 days 00:01:04.977362,18.0,400.0,109.0,14.0,341.0,418.0,COMPLETE
41,0.9392039301782819,2022-09-30 21:51:21.854525,2022-09-30 21:52:28.098875,0 days 00:01:06.244350,22.0,395.0,116.0,13.0,450.0,422.0,COMPLETE
292,0.9391759107844361,2022-10-01 02:39:34.129244,2022-10-01 02:40:43.547285,0 days 00:01:09.418041,22.0,400.0,116.0,18.0,364.0,444.0,COMPLETE
183,0.9391538401975031,2022-10-01 00:38:58.975449,2022-10-01 00:40:11.955448,0 days 00:01:12.979999,19.0,400.0,113.0,16.0,340.0,470.0,COMPLETE
233,0.9391504870423981,2022-10-01 01:35:09.056399,2022-10-01 01:36:15.172437,0 days 00:01:06.116038,25.0,397.0,111.0,27.0,475.0,419.0,COMPLETE
294,0.9391189458522027,2022-10-01 02:41:52.984435,2022-10-01 02:43:05.023529,0 days 00:01:12.039094,22.0,400.0,116.0,18.0,375.0,462.0,COMPLETE
195,0.9391162672620776,2022-10-01 00:53:11.373441,2022-10-01 00:54:20.022760,0 days 00:01:08.649319,18.0,396.0,115.0,14.0,340.0,441.0,COMPLETE
237,0.9391110592120386,2022-10-01 01:39:30.270027,2022-10-01 01:40:31.007760,0 days 00:01:00.737733,25.0,395.0,114.0,28.0,470.0,387.0,COMPLETE
255,0.9391091158495659,2022-10-01 01:58:09.247847,2022-10-01 01:59:11.322404,0 days 00:01:02.074557,24.0,396.0,116.0,29.0,480.0,395.0,COMPLETE
230,0.9391090909680707,2022-10-01 01:31:47.742624,2022-10-01 01:32:54.452255,0 days 00:01:06.709631,24.0,399.0,112.0,26.0,338.0,429.0,COMPLETE
290,0.9391090273820275,2022-10-01 02:37:21.274740,2022-10-01 02:38:27.547127,0 days 00:01:06.272387,23.0,400.0,116.0,12.0,374.0,425.0,COMPLETE
133,0.9391075650617946,2022-09-30 23:40:09.192778,2022-09-30 23:41:18.995313,0 days 00:01:09.802535,23.0,394.0,110.0,12.0,368.0,449.0,COMPLETE
181,0.9391044994261893,2022-10-01 00:36:40.874797,2022-10-01 00:37:50.097393,0 days 00:01:09.222596,19.0,396.0,113.0,14.0,340.0,444.0,COMPLETE
228,0.9390994517235635,2022-10-01 01:29:35.692712,2022-10-01 01:30:43.701802,0 days 00:01:08.009090,24.0,400.0,111.0,26.0,459.0,433.0,COMPLETE
11,0.9390974309519947,2022-09-30 21:13:10.325280,2022-09-30 21:14:32.880500,0 days 00:01:22.555220,24.0,390.0,65.0,6.0,508.0,527.0,COMPLETE
203,0.9390946694235525,2022-10-01 01:01:59.136911,2022-10-01 01:03:07.234304,0 days 00:01:08.097393,19.0,396.0,110.0,27.0,364.0,438.0,COMPLETE
244,0.9390893977874702,2022-10-01 01:46:41.254106,2022-10-01 01:47:42.667391,0 days 00:01:01.413285,24.0,392.0,114.0,27.0,475.0,392.0,COMPLETE
270,0.9390775691301493,2022-10-01 02:14:52.179010,2022-10-01 02:15:58.611204,0 days 00:01:06.432194,23.0,397.0,113.0,26.0,444.0,424.0,COMPLETE
277,0.9390763611540889,2022-10-01 02:23:02.713464,2022-10-01 02:24:08.314937,0 days 00:01:05.601473,25.0,391.0,107.0,14.0,495.0,418.0,COMPLETE
111,0.9390740390399679,2022-09-30 23:14:46.682960,2022-09-30 23:16:01.702654,0 days 00:01:15.019694,19.0,395.0,115.0,11.0,415.0,481.0,COMPLETE
260,0.9390524246137791,2022-10-01 02:03:18.791905,2022-10-01 02:04:24.070872,0 days 00:01:05.278967,24.0,394.0,113.0,31.0,473.0,415.0,COMPLETE
119,0.9390446817333648,2022-09-30 23:24:22.397567,2022-09-30 23:25:29.510432,0 days 00:01:07.112865,24.0,393.0,109.0,8.0,379.0,430.0,COMPLETE
165,0.9390346416203245,2022-10-01 00:17:49.068254,2022-10-01 00:18:59.769816,0 days 00:01:10.701562,22.0,387.0,111.0,13.0,341.0,456.0,COMPLETE
261,0.9390343015732241,2022-10-01 02:04:24.071227,2022-10-01 02:05:33.577754,0 days 00:01:09.506527,23.0,398.0,118.0,29.0,481.0,442.0,COMPLETE
281,0.9390167950408267,2022-10-01 02:27:23.108117,2022-10-01 02:28:32.766910,0 days 00:01:09.658793,18.0,394.0,114.0,27.0,367.0,448.0,COMPLETE
177,0.9390134612379957,2022-10-01 00:31:44.371617,2022-10-01 00:32:54.872344,0 days 00:01:10.500727,18.0,398.0,113.0,12.0,339.0,454.0,COMPLETE
61,0.9390084937090765,2022-09-30 22:14:30.300641,2022-09-30 22:15:40.624215,0 days 00:01:10.323574,22.0,391.0,109.0,13.0,450.0,449.0,COMPLETE
276,0.9390061107735227,2022-10-01 02:21:55.905956,2022-10-01 02:23:02.713129,0 days 00:01:06.807173,23.0,398.0,115.0,23.0,333.0,430.0,COMPLETE
178,0.9390045986902995,2022-10-01 00:32:54.872586,2022-10-01 00:34:08.742240,0 days 00:01:13.869654,18.0,400.0,111.0,15.0,338.0,475.0,COMPLETE
191,0.9390003306078549,2022-10-01 00:48:32.326384,2022-10-01 00:49:43.143323,0 days 00:01:10.816939,20.0,396.0,115.0,12.0,337.0,456.0,COMPLETE
170,0.9390003306078549,2022-10-01 00:23:45.346392,2022-10-01 00:24:56.213335,0 days 00:01:10.866943,22.0,396.0,115.0,11.0,337.0,456.0,COMPLETE
266,0.938999987796144,2022-10-01 02:10:34.933392,2022-10-01 02:11:40.571300,0 days 00:01:05.637908,23.0,400.0,112.0,27.0,305.0,422.0,COMPLETE
69,0.9389935192424436,2022-09-30 22:24:03.180006,2022-09-30 22:25:12.614585,0 days 00:01:09.434579,22.0,391.0,108.0,13.0,364.0,447.0,COMPLETE
249,0.9389902047918869,2022-10-01 01:51:49.870482,2022-10-01 01:52:54.161005,0 days 00:01:04.290523,24.0,393.0,113.0,28.0,448.0,411.0,COMPLETE
251,0.9389797306349865,2022-10-01 01:53:55.377572,2022-10-01 01:54:58.636151,0 days 00:01:03.258579,25.0,398.0,115.0,26.0,473.0,402.0,COMPLETE
139,0.938979293985276,2022-09-30 23:47:12.557651,2022-09-30 23:48:23.190156,0 days 00:01:10.632505,22.0,384.0,120.0,10.0,326.0,455.0,COMPLETE
245,0.938951503895348,2022-10-01 01:47:42.667658,2022-10-01 01:48:47.881415,0 days 00:01:05.213757,25.0,400.0,114.0,28.0,477.0,415.0,COMPLETE
213,0.9389455661468774,2022-10-01 01:13:01.054976,2022-10-01 01:13:59.893485,0 days 00:00:58.838509,34.0,393.0,116.0,25.0,365.0,378.0,COMPLETE
123,0.9389451625137338,2022-09-30 23:28:56.616383,2022-09-30 23:30:04.173715,0 days 00:01:07.557332,25.0,387.0,108.0,6.0,341.0,436.0,COMPLETE
231,0.9389438826577986,2022-10-01 01:32:54.452502,2022-10-01 01:34:01.391633,0 days 00:01:06.939131,24.0,400.0,112.0,26.0,339.0,430.0,COMPLETE
148,0.9389436421366788,2022-09-30 23:57:48.598708,2022-09-30 23:58:57.892522,0 days 00:01:09.293814,21.0,400.0,109.0,14.0,332.0,446.0,COMPLETE
112,0.9389417789479129,2022-09-30 23:16:01.702858,2022-09-30 23:17:16.725624,0 days 00:01:15.022766,22.0,396.0,112.0,11.0,388.0,481.0,COMPLETE
97,0.9389384451450821,2022-09-30 22:56:42.520375,2022-09-30 22:57:54.583783,0 days 00:01:12.063408,24.0,397.0,102.0,15.0,415.0,462.0,COMPLETE
179,0.9389384064405341,2022-10-01 00:34:08.742535,2022-10-01 00:35:22.787930,0 days 00:01:14.045395,18.0,400.0,111.0,15.0,341.0,477.0,COMPLETE
298,0.9389324043503995,2022-10-03 22:04:38.334720,2022-10-03 22:05:51.304010,0 days 00:01:12.969290,23.0,398.0,117.0,11.0,367.0,467.0,COMPLETE
161,0.9389319987082663,2022-10-01 00:12:37.967416,2022-10-01 00:13:46.244301,0 days 00:01:08.276885,21.0,398.0,109.0,14.0,332.0,439.0,COMPLETE
95,0.938925148638307,2022-09-30 22:54:23.522249,2022-09-30 22:55:33.075644,0 days 00:01:09.553395,26.0,397.0,102.0,16.0,430.0,444.0,COMPLETE
168,0.9389240650697224,2022-10-01 00:21:24.851409,2022-10-01 00:22:34.141141,0 days 00:01:09.289732,21.0,384.0,118.0,13.0,284.0,451.0,COMPLETE
229,0.9389186137339529,2022-10-01 01:30:43.702044,2022-10-01 01:31:47.742379,0 days 00:01:04.040335,24.0,398.0,66.0,25.0,219.0,420.0,COMPLETE
236,0.9389184506219291,2022-10-01 01:38:24.160980,2022-10-01 01:39:30.269510,0 days 00:01:06.108530,25.0,397.0,112.0,26.0,488.0,420.0,COMPLETE
106,0.9389085155640905,2022-09-30 23:08:24.842322,2022-09-30 23:09:36.814806,0 days 00:01:11.972484,24.0,399.0,115.0,11.0,411.0,460.0,COMPLETE
285,0.9389084243319417,2022-10-01 02:31:55.017208,2022-10-01 02:33:16.422197,0 days 00:01:21.404989,19.0,396.0,115.0,14.0,226.0,532.0,COMPLETE
201,0.938906655139935,2022-10-01 00:59:43.198414,2022-10-01 01:00:50.131395,0 days 00:01:06.932981,18.0,400.0,77.0,16.0,341.0,431.0,COMPLETE
239,0.9389052287596394,2022-10-01 01:41:31.196051,2022-10-01 01:42:34.556520,0 days 00:01:03.360469,25.0,400.0,116.0,28.0,473.0,403.0,COMPLETE
113,0.938891824433052,2022-09-30 23:17:16.725870,2022-09-30 23:18:31.486826,0 days 00:01:14.760956,21.0,395.0,115.0,10.0,385.0,480.0,COMPLETE
152,0.9388909813855872,2022-10-01 00:02:20.471323,2022-10-01 00:03:28.694610,0 days 00:01:08.223287,21.0,392.0,108.0,13.0,315.0,439.0,COMPLETE
28,0.9388894001870995,2022-09-30 21:35:14.152989,2022-09-30 21:36:28.219721,0 days 00:01:14.066732,21.0,392.0,106.0,13.0,484.0,473.0,COMPLETE
186,0.9388877194626314,2022-10-01 00:42:42.045282,2022-10-01 00:43:57.923956,0 days 00:01:15.878674,17.0,400.0,112.0,15.0,352.0,487.0,COMPLETE
211,0.9388856655157358,2022-10-01 01:10:42.602151,2022-10-01 01:11:51.070262,0 days 00:01:08.468111,21.0,390.0,110.0,32.0,353.0,440.0,COMPLETE
131,0.9388824561203809,2022-09-30 23:37:46.886694,2022-09-30 23:38:59.329013,0 days 00:01:12.442319,24.0,397.0,114.0,11.0,408.0,464.0,COMPLETE
219,0.9388808085712395,2022-10-01 01:19:24.425665,2022-10-01 01:20:27.587815,0 days 00:01:03.162150,17.0,395.0,115.0,28.0,358.0,405.0,COMPLETE
291,0.9388794347185447,2022-10-01 02:38:27.547401,2022-10-01 02:39:34.128970,0 days 00:01:06.581569,21.0,398.0,118.0,12.0,372.0,427.0,COMPLETE
160,0.9388775521775046,2022-10-01 00:11:31.624569,2022-10-01 00:12:37.967193,0 days 00:01:06.342624,20.0,394.0,113.0,9.0,347.0,427.0,COMPLETE
172,0.9388761479140936,2022-10-01 00:26:06.650996,2022-10-01 00:27:18.325948,0 days 00:01:11.674952,23.0,398.0,116.0,12.0,336.0,461.0,COMPLETE
274,0.9388721367816727,2022-10-01 02:19:19.083685,2022-10-01 02:20:21.915793,0 days 00:01:02.832108,19.0,400.0,113.0,15.0,462.0,400.0,COMPLETE
193,0.9388713822017462,2022-10-01 00:50:53.183054,2022-10-01 00:52:00.539844,0 days 00:01:07.356790,19.0,394.0,116.0,12.0,330.0,433.0,COMPLETE
241,0.9388631112807124,2022-10-01 01:43:36.961547,2022-10-01 01:44:37.716562,0 days 00:01:00.755015,25.0,394.0,109.0,29.0,459.0,387.0,COMPLETE
215,0.9388589315070464,2022-10-01 01:15:01.200198,2022-10-01 01:16:06.632335,0 days 00:01:05.432137,20.0,396.0,110.0,27.0,250.0,427.0,COMPLETE
99,0.9388573586023905,2022-09-30 22:59:07.521202,2022-09-30 23:00:31.338568,0 days 00:01:23.817366,19.0,400.0,111.0,20.0,437.0,535.0,COMPLETE
92,0.938855879694494,2022-09-30 22:50:36.731983,2022-09-30 22:51:50.393096,0 days 00:01:13.661113,18.0,391.0,116.0,11.0,442.0,471.0,COMPLETE
127,0.9388517415487466,2022-09-30 23:33:17.853816,2022-09-30 23:34:26.095321,0 days 00:01:08.241505,23.0,392.0,110.0,8.0,362.0,439.0,COMPLETE
247,0.9388413226840576,2022-10-01 01:49:46.354208,2022-10-01 01:50:48.818422,0 days 00:01:02.464214,23.0,396.0,115.0,30.0,496.0,397.0,COMPLETE
107,0.9388394069676906,2022-09-30 23:09:36.815022,2022-09-30 23:10:48.835848,0 days 00:01:12.020826,24.0,400.0,110.0,24.0,395.0,459.0,COMPLETE
166,0.9388358796421199,2022-10-01 00:18:59.770101,2022-10-01 00:20:13.424714,0 days 00:01:13.654613,22.0,397.0,111.0,13.0,365.0,473.0,COMPLETE
115,0.9388345555524156,2022-09-30 23:19:47.092068,2022-09-30 23:20:56.141273,0 days 00:01:09.049205,23.0,397.0,115.0,9.0,400.0,442.0,COMPLETE
72,0.9388228983009501,2022-09-30 22:27:24.263322,2022-09-30 22:28:34.953542,0 days 00:01:10.690220,21.0,385.0,104.0,13.0,430.0,451.0,COMPLETE
296,0.9388198976436531,2022-10-03 22:02:07.949047,2022-10-03 22:03:27.768547,0 days 00:01:19.819500,22.0,400.0,119.0,21.0,378.0,465.0,COMPLETE
43,0.9388176957801322,2022-09-30 21:53:31.467330,2022-09-30 21:54:39.979906,0 days 00:01:08.512576,25.0,394.0,81.0,13.0,476.0,438.0,COMPLETE
15,0.938815885118967,2022-09-30 21:18:44.581793,2022-09-30 21:19:55.610369,0 days 00:01:11.028576,20.0,382.0,120.0,13.0,454.0,453.0,COMPLETE
31,0.9388153295910018,2022-09-30 21:38:37.224489,2022-09-30 21:39:48.200586,0 days 00:01:10.976097,23.0,393.0,115.0,12.0,487.0,452.0,COMPLETE
60,0.9388152603169775,2022-09-30 22:13:12.299050,2022-09-30 22:14:30.300454,0 days 00:01:18.001404,16.0,400.0,90.0,9.0,238.0,509.0,COMPLETE
212,0.9388130682983133,2022-10-01 01:11:51.070517,2022-10-01 01:13:01.054730,0 days 00:01:09.984213,19.0,398.0,112.0,38.0,349.0,451.0,COMPLETE
283,0.9388116833871762,2022-10-01 02:29:35.924818,2022-10-01 02:30:44.178839,0 days 00:01:08.254021,21.0,397.0,117.0,29.0,356.0,439.0,COMPLETE
235,0.9388101464224577,2022-10-01 01:37:20.190829,2022-10-01 01:38:24.160731,0 days 00:01:03.969902,25.0,397.0,110.0,27.0,457.0,408.0,COMPLETE
167,0.9388080814171199,2022-10-01 00:20:13.424994,2022-10-01 00:21:24.851175,0 days 00:01:11.426181,22.0,390.0,120.0,15.0,351.0,459.0,COMPLETE
67,0.9388030309498835,2022-09-30 22:21:40.699911,2022-09-30 22:22:48.547153,0 days 00:01:07.847242,40.0,397.0,113.0,22.0,467.0,432.0,COMPLETE
32,0.9388015078082178,2022-09-30 21:39:48.200787,2022-09-30 21:40:54.145772,0 days 00:01:05.944985,22.0,392.0,115.0,12.0,449.0,421.0,COMPLETE
204,0.9387932147702995,2022-10-01 01:03:07.234556,2022-10-01 01:04:15.240384,0 days 00:01:08.005828,20.0,396.0,113.0,27.0,366.0,435.0,COMPLETE
100,0.9387924821484979,2022-09-30 23:00:31.338772,2022-09-30 23:01:53.019279,0 days 00:01:21.680507,19.0,400.0,99.0,16.0,380.0,525.0,COMPLETE
118,0.9387900191979974,2022-09-30 23:23:11.448906,2022-09-30 23:24:22.397288,0 days 00:01:10.948382,23.0,390.0,119.0,12.0,367.0,457.0,COMPLETE
187,0.9387780744270324,2022-10-01 00:43:57.924256,2022-10-01 00:45:04.165149,0 days 00:01:06.240893,19.0,394.0,110.0,16.0,358.0,425.0,COMPLETE
279,0.9387752216664411,2022-10-01 02:25:16.720135,2022-10-01 02:26:17.478551,0 days 00:01:00.758416,20.0,398.0,112.0,19.0,315.0,391.0,COMPLETE
293,0.9387714621135823,2022-10-01 02:40:43.547589,2022-10-01 02:41:52.983952,0 days 00:01:09.436363,22.0,400.0,116.0,18.0,358.0,445.0,COMPLETE
210,0.9387670419775562,2022-10-01 01:09:40.816940,2022-10-01 01:10:42.601855,0 days 00:01:01.784915,19.0,395.0,115.0,12.0,370.0,397.0,COMPLETE
130,0.9387649272092282,2022-09-30 23:36:39.461953,2022-09-30 23:37:46.886478,0 days 00:01:07.424525,20.0,390.0,104.0,6.0,402.0,432.0,COMPLETE
23,0.9387624945106843,2022-09-30 21:29:04.955828,2022-09-30 21:30:25.284134,0 days 00:01:20.328306,32.0,400.0,73.0,14.0,486.0,511.0,COMPLETE
259,0.9387619058073922,2022-10-01 02:02:16.968226,2022-10-01 02:03:18.791609,0 days 00:01:01.823383,25.0,396.0,110.0,27.0,507.0,393.0,COMPLETE
248,0.9387561393060174,2022-10-01 01:50:48.818752,2022-10-01 01:51:49.870226,0 days 00:01:01.051474,23.0,398.0,117.0,26.0,473.0,388.0,COMPLETE
14,0.9387525290421294,2022-09-30 21:17:15.921102,2022-09-30 21:18:44.581000,0 days 00:01:28.659898,25.0,400.0,63.0,13.0,462.0,568.0,COMPLETE
299,0.9387468136887684,2022-10-03 22:05:51.304308,2022-10-03 22:07:02.946962,0 days 00:01:11.642654,21.0,400.0,119.0,16.0,362.0,459.0,COMPLETE
226,0.9387462153066211,2022-10-01 01:27:13.560495,2022-10-01 01:28:25.553246,0 days 00:01:11.992751,19.0,389.0,117.0,33.0,345.0,464.0,COMPLETE
176,0.9387403162626986,2022-10-01 00:30:32.063631,2022-10-01 00:31:44.371317,0 days 00:01:12.307686,23.0,393.0,117.0,13.0,356.0,466.0,COMPLETE
142,0.9387390419359847,2022-09-30 23:50:45.868305,2022-09-30 23:51:54.542319,0 days 00:01:08.674014,30.0,389.0,116.0,10.0,339.0,443.0,COMPLETE
25,0.9387387295349897,2022-09-30 21:31:43.272065,2022-09-30 21:32:51.873804,0 days 00:01:08.601739,32.0,385.0,92.0,19.0,490.0,436.0,COMPLETE
124,0.9387321227507608,2022-09-30 23:30:04.173928,2022-09-30 23:31:10.530903,0 days 00:01:06.356975,27.0,384.0,108.0,6.0,340.0,429.0,COMPLETE
10,0.9387295241755826,2022-09-30 21:11:45.029445,2022-09-30 21:13:10.325122,0 days 00:01:25.295677,24.0,400.0,64.0,6.0,503.0,544.0,COMPLETE
206,0.9387282083797099,2022-10-01 01:05:20.166455,2022-10-01 01:06:26.400852,0 days 00:01:06.234397,19.0,397.0,72.0,29.0,362.0,426.0,COMPLETE
145,0.9387229699189545,2022-09-30 23:54:13.127376,2022-09-30 23:55:19.447310,0 days 00:01:06.319934,22.0,395.0,114.0,15.0,310.0,426.0,COMPLETE
258,0.9387223922741047,2022-10-01 02:01:14.836619,2022-10-01 02:02:16.967899,0 days 00:01:02.131280,26.0,400.0,112.0,28.0,501.0,395.0,COMPLETE
126,0.9387218061766632,2022-09-30 23:32:12.569214,2022-09-30 23:33:17.853567,0 days 00:01:05.284353,25.0,389.0,87.0,6.0,395.0,419.0,COMPLETE
103,0.9387186161335822,2022-09-30 23:04:35.118493,2022-09-30 23:05:52.041341,0 days 00:01:16.922848,22.0,395.0,108.0,20.0,445.0,492.0,COMPLETE
141,0.9387180217423092,2022-09-30 23:49:33.160780,2022-09-30 23:50:45.868038,0 days 00:01:12.707258,23.0,384.0,118.0,11.0,355.0,469.0,COMPLETE
222,0.9387152380969823,2022-10-01 01:22:37.319046,2022-10-01 01:23:44.376943,0 days 00:01:07.057897,20.0,394.0,113.0,36.0,342.0,431.0,COMPLETE
262,0.9387138531858454,2022-10-01 02:05:33.578089,2022-10-01 02:06:35.239166,0 days 00:01:01.661077,25.0,390.0,116.0,28.0,203.0,402.0,COMPLETE
38,0.9387101406313662,2022-09-30 21:46:32.632256,2022-09-30 21:48:12.594065,0 days 00:01:39.961809,17.0,394.0,110.0,17.0,308.0,647.0,COMPLETE
147,0.9387085649620996,2022-09-30 23:56:35.079997,2022-09-30 23:57:48.598435,0 days 00:01:13.518438,23.0,381.0,117.0,10.0,384.0,473.0,COMPLETE
151,0.9387085179637199,2022-10-01 00:01:10.949271,2022-10-01 00:02:20.471058,0 days 00:01:09.521787,20.0,400.0,106.0,12.0,350.0,447.0,COMPLETE
256,0.9387067902408721,2022-10-01 01:59:11.322663,2022-10-01 02:00:10.918378,0 days 00:00:59.595715,24.0,397.0,111.0,29.0,479.0,379.0,COMPLETE
202,0.9387065054859829,2022-10-01 01:00:50.132036,2022-10-01 01:01:59.136611,0 days 00:01:09.004575,18.0,400.0,111.0,14.0,327.0,445.0,COMPLETE
114,0.9387033099136808,2022-09-30 23:18:31.487090,2022-09-30 23:19:47.091847,0 days 00:01:15.604757,22.0,395.0,117.0,10.0,387.0,484.0,COMPLETE
81,0.9387006202651134,2022-09-30 22:38:04.541885,2022-09-30 22:39:14.189740,0 days 00:01:09.647855,20.0,393.0,101.0,13.0,440.0,445.0,COMPLETE
143,0.9386921807028348,2022-09-30 23:51:54.542532,2022-09-30 23:53:06.190955,0 days 00:01:11.648423,22.0,393.0,119.0,13.0,377.0,459.0,COMPLETE
280,0.9386906409735055,2022-10-01 02:26:17.478897,2022-10-01 02:27:23.107835,0 days 00:01:05.628938,27.0,387.0,118.0,13.0,353.0,422.0,COMPLETE
62,0.9386870390034493,2022-09-30 22:15:40.624393,2022-09-30 22:16:41.789404,0 days 00:01:01.165011,22.0,391.0,108.0,14.0,347.0,394.0,COMPLETE
47,0.93868395401557,2022-09-30 21:57:56.323158,2022-09-30 21:59:10.266508,0 days 00:01:13.943350,27.0,398.0,92.0,7.0,512.0,470.0,COMPLETE
267,0.9386838351373156,2022-10-01 02:11:40.571640,2022-10-01 02:12:48.447034,0 days 00:01:07.875394,24.0,395.0,80.0,28.0,328.0,436.0,COMPLETE
122,0.9386834480918352,2022-09-30 23:27:47.042018,2022-09-30 23:28:56.616137,0 days 00:01:09.574119,22.0,398.0,112.0,8.0,354.0,444.0,COMPLETE
157,0.9386805759789701,2022-10-01 00:08:04.165194,2022-10-01 00:09:15.004360,0 days 00:01:10.839166,20.0,388.0,115.0,13.0,320.0,458.0,COMPLETE
71,0.9386793569444676,2022-09-30 22:26:14.841039,2022-09-30 22:27:24.263110,0 days 00:01:09.422071,22.0,392.0,118.0,11.0,362.0,446.0,COMPLETE
89,0.9386757190344739,2022-09-30 22:47:12.200020,2022-09-30 22:48:17.451705,0 days 00:01:05.251685,21.0,388.0,65.0,8.0,505.0,417.0,COMPLETE
253,0.9386742124804714,2022-10-01 01:55:57.071135,2022-10-01 01:57:02.437412,0 days 00:01:05.366277,23.0,394.0,114.0,25.0,483.0,416.0,COMPLETE
51,0.9386719152478458,2022-09-30 22:02:18.680432,2022-09-30 22:03:30.252084,0 days 00:01:11.571652,23.0,389.0,120.0,12.0,457.0,457.0,COMPLETE
82,0.9386668481929458,2022-09-30 22:39:14.189936,2022-09-30 22:40:20.200007,0 days 00:01:06.010071,24.0,396.0,116.0,11.0,462.0,420.0,COMPLETE
135,0.9386632213413942,2022-09-30 23:42:28.888983,2022-09-30 23:43:45.420759,0 days 00:01:16.531776,23.0,393.0,117.0,10.0,345.0,493.0,COMPLETE
284,0.9386570651886886,2022-10-01 02:30:44.179133,2022-10-01 02:31:55.016703,0 days 00:01:10.837570,24.0,400.0,112.0,25.0,335.0,455.0,COMPLETE
169,0.9386517520834479,2022-10-01 00:22:34.141368,2022-10-01 00:23:45.346155,0 days 00:01:11.204787,17.0,393.0,54.0,12.0,253.0,468.0,COMPLETE
101,0.9386457341612706,2022-09-30 23:01:53.019522,2022-09-30 23:03:16.521814,0 days 00:01:23.502292,23.0,397.0,113.0,16.0,421.0,535.0,COMPLETE
272,0.938640957390481,2022-10-01 02:17:06.435034,2022-10-01 02:18:10.535805,0 days 00:01:04.100771,25.0,395.0,110.0,17.0,361.0,412.0,COMPLETE
57,0.9386343671939155,2022-09-30 22:09:37.009739,2022-09-30 22:10:40.251289,0 days 00:01:03.241550,25.0,399.0,100.0,19.0,200.0,413.0,COMPLETE
209,0.9386327362324375,2022-10-01 01:08:37.421341,2022-10-01 01:09:40.816644,0 days 00:01:03.395303,20.0,392.0,113.0,34.0,358.0,406.0,COMPLETE
73,0.9386323491869575,2022-09-30 22:28:34.953784,2022-09-30 22:29:56.902618,0 days 00:01:21.948834,24.0,386.0,101.0,13.0,433.0,522.0,COMPLETE
171,0.9386307652238591,2022-10-01 00:24:56.213561,2022-10-01 00:26:06.650758,0 days 00:01:10.437197,22.0,396.0,115.0,11.0,324.0,453.0,COMPLETE
278,0.9386306380517728,2022-10-01 02:24:08.315201,2022-10-01 02:25:16.719716,0 days 00:01:08.404515,22.0,395.0,110.0,16.0,485.0,436.0,COMPLETE
288,0.9386129739365727,2022-10-01 02:35:22.308950,2022-10-01 02:36:16.364881,0 days 00:00:54.055931,25.0,398.0,113.0,31.0,262.0,351.0,COMPLETE
192,0.9386126725940201,2022-10-01 00:49:43.143563,2022-10-01 00:50:53.182774,0 days 00:01:10.039211,20.0,398.0,114.0,12.0,348.0,449.0,COMPLETE
242,0.9386060436929067,2022-10-01 01:44:37.716830,2022-10-01 01:45:34.735436,0 days 00:00:57.018606,25.0,398.0,111.0,25.0,480.0,361.0,COMPLETE
52,0.9385978833562959,2022-09-30 22:03:30.252295,2022-09-30 22:04:39.434376,0 days 00:01:09.182081,22.0,395.0,112.0,10.0,478.0,440.0,COMPLETE
164,0.9385977257734932,2022-10-01 00:16:36.669680,2022-10-01 00:17:49.068033,0 days 00:01:12.398353,19.0,392.0,114.0,39.0,360.0,465.0,COMPLETE
289,0.9385895986122093,2022-10-01 02:36:16.365234,2022-10-01 02:37:21.274316,0 days 00:01:04.909082,24.0,395.0,74.0,33.0,469.0,415.0,COMPLETE
154,0.9385843546222328,2022-10-01 00:04:38.521072,2022-10-01 00:05:48.184788,0 days 00:01:09.663716,19.0,400.0,111.0,14.0,335.0,448.0,COMPLETE
26,0.9385814631570935,2022-09-30 21:32:51.874013,2022-09-30 21:33:53.471015,0 days 00:01:01.597002,36.0,367.0,57.0,15.0,325.0,400.0,COMPLETE
36,0.9385787484682712,2022-09-30 21:44:06.790051,2022-09-30 21:45:23.237421,0 days 00:01:16.447370,21.0,392.0,103.0,8.0,458.0,488.0,COMPLETE
173,0.938575110717037,2022-10-01 00:27:18.326232,2022-10-01 00:28:26.653765,0 days 00:01:08.327533,22.0,395.0,114.0,13.0,301.0,444.0,COMPLETE
77,0.9385739910497554,2022-09-30 22:33:25.862085,2022-09-30 22:34:34.594951,0 days 00:01:08.732866,29.0,396.0,53.0,12.0,502.0,438.0,COMPLETE
53,0.9385616483336277,2022-09-30 22:04:39.434741,2022-09-30 22:05:51.856769,0 days 00:01:12.422028,24.0,383.0,117.0,12.0,483.0,462.0,COMPLETE
220,0.9385498694392972,2022-10-01 01:20:27.588121,2022-10-01 01:21:31.813590,0 days 00:01:04.225469,18.0,392.0,111.0,34.0,349.0,413.0,COMPLETE
180,0.9385411755328457,2022-10-01 00:35:22.788165,2022-10-01 00:36:40.874514,0 days 00:01:18.086349,17.0,398.0,114.0,15.0,314.0,503.0,COMPLETE
134,0.9385352433135965,2022-09-30 23:41:18.995515,2022-09-30 23:42:28.888718,0 days 00:01:09.893203,22.0,382.0,110.0,12.0,377.0,450.0,COMPLETE
184,0.9385342452891797,2022-10-01 00:40:11.955729,2022-10-01 00:41:25.081906,0 days 00:01:13.126177,19.0,400.0,113.0,16.0,345.0,471.0,COMPLETE
68,0.9385338140099305,2022-09-30 22:22:48.547351,2022-09-30 22:24:03.179782,0 days 00:01:14.632431,20.0,389.0,76.0,16.0,452.0,478.0,COMPLETE
182,0.9385315556406124,2022-10-01 00:37:50.097630,2022-10-01 00:38:58.975061,0 days 00:01:08.877431,18.0,396.0,112.0,14.0,334.0,441.0,COMPLETE
287,0.9385248244489076,2022-10-01 02:34:15.172703,2022-10-01 02:35:22.308596,0 days 00:01:07.135893,20.0,393.0,111.0,35.0,324.0,433.0,COMPLETE
129,0.9385247553336434,2022-09-30 23:35:35.369032,2022-09-30 23:36:39.461686,0 days 00:01:04.092654,26.0,386.0,107.0,12.0,389.0,411.0,COMPLETE
136,0.9385138417624219,2022-09-30 23:43:45.421235,2022-09-30 23:44:53.251064,0 days 00:01:07.829829,23.0,388.0,112.0,12.0,367.0,435.0,COMPLETE
140,0.9385117988739686,2022-09-30 23:48:23.190370,2022-09-30 23:49:33.160563,0 days 00:01:09.970193,21.0,378.0,120.0,9.0,327.0,453.0,COMPLETE
185,0.9385109999015132,2022-10-01 00:41:25.082318,2022-10-01 00:42:42.044791,0 days 00:01:16.962473,18.0,398.0,110.0,17.0,328.0,494.0,COMPLETE
221,0.9385099992712458,2022-10-01 01:21:31.813910,2022-10-01 01:22:37.318716,0 days 00:01:05.504806,23.0,390.0,112.0,14.0,332.0,421.0,COMPLETE
4,0.9385098969806548,2022-09-30 21:05:11.382919,2022-09-30 21:06:57.199344,0 days 00:01:45.816425,29.0,393.0,64.0,18.0,465.0,679.0,COMPLETE
159,0.938505739482633,2022-10-01 00:10:21.856085,2022-10-01 00:11:31.624286,0 days 00:01:09.768201,21.0,391.0,116.0,12.0,301.0,453.0,COMPLETE
138,0.9385049985669998,2022-09-30 23:46:07.274427,2022-09-30 23:47:12.554968,0 days 00:01:05.280541,22.0,395.0,113.0,7.0,369.0,419.0,COMPLETE
16,0.9385040946981023,2022-09-30 21:19:55.610535,2022-09-30 21:21:05.850560,0 days 00:01:10.240025,20.0,375.0,120.0,21.0,431.0,451.0,COMPLETE
257,0.9384969819901385,2022-10-01 02:00:10.918720,2022-10-01 02:01:14.836356,0 days 00:01:03.917636,24.0,392.0,116.0,30.0,490.0,407.0,COMPLETE
218,0.9384893469295364,2022-10-01 01:18:19.997224,2022-10-01 01:19:24.425421,0 days 00:01:04.428197,23.0,398.0,113.0,28.0,362.0,413.0,COMPLETE
199,0.9384893412415555,2022-10-01 00:57:34.161868,2022-10-01 00:58:37.189879,0 days 00:01:03.028011,18.0,393.0,106.0,13.0,236.0,413.0,COMPLETE
240,0.9384885203109752,2022-10-01 01:42:34.557606,2022-10-01 01:43:36.961221,0 days 00:01:02.403615,26.0,396.0,113.0,26.0,469.0,397.0,COMPLETE
105,0.9384864221303106,2022-09-30 23:07:18.291737,2022-09-30 23:08:24.842076,0 days 00:01:06.550339,23.0,393.0,105.0,18.0,453.0,425.0,COMPLETE
88,0.9384822314569621,2022-09-30 22:46:12.674597,2022-09-30 22:47:12.199736,0 days 00:00:59.525139,27.0,374.0,111.0,10.0,470.0,380.0,COMPLETE
254,0.9384767082413177,2022-10-01 01:57:02.438027,2022-10-01 01:58:09.247572,0 days 00:01:06.809545,23.0,400.0,57.0,24.0,466.0,427.0,COMPLETE
205,0.9384651090466744,2022-10-01 01:04:15.240634,2022-10-01 01:05:20.166217,0 days 00:01:04.925583,19.0,394.0,109.0,13.0,380.0,417.0,COMPLETE
158,0.9384636799017683,2022-10-01 00:09:15.004719,2022-10-01 00:10:21.855863,0 days 00:01:06.851144,37.0,397.0,113.0,12.0,292.0,434.0,COMPLETE
243,0.9384636190803356,2022-10-01 01:45:34.735752,2022-10-01 01:46:41.253770,0 days 00:01:06.518018,24.0,395.0,111.0,27.0,469.0,424.0,COMPLETE
121,0.9384620489402902,2022-09-30 23:26:34.439181,2022-09-30 23:27:47.041775,0 days 00:01:12.602594,24.0,394.0,113.0,8.0,416.0,466.0,COMPLETE
90,0.9384586128468683,2022-09-30 22:48:17.451955,2022-09-30 22:49:20.831383,0 days 00:01:03.379428,23.0,394.0,109.0,13.0,494.0,403.0,COMPLETE
63,0.938454836706346,2022-09-30 22:16:41.789603,2022-09-30 22:17:58.884219,0 days 00:01:17.094616,21.0,383.0,97.0,16.0,432.0,495.0,COMPLETE
297,0.9384496127552396,2022-10-03 22:03:27.768897,2022-10-03 22:04:38.334407,0 days 00:01:10.565510,22.0,400.0,116.0,17.0,374.0,453.0,COMPLETE
137,0.9384491201267212,2022-09-30 23:44:53.251293,2022-09-30 23:46:07.274201,0 days 00:01:14.022908,21.0,391.0,108.0,13.0,359.0,477.0,COMPLETE
93,0.9384453605738623,2022-09-30 22:51:50.393284,2022-09-30 22:53:04.457207,0 days 00:01:14.063923,18.0,390.0,113.0,9.0,441.0,474.0,COMPLETE
264,0.9384434946204858,2022-10-01 02:07:43.067501,2022-10-01 02:09:14.244138,0 days 00:01:31.176637,24.0,393.0,109.0,27.0,511.0,581.0,COMPLETE
37,0.9384387095558642,2022-09-30 21:45:23.237619,2022-09-30 21:46:32.632072,0 days 00:01:09.394453,28.0,386.0,109.0,20.0,422.0,445.0,COMPLETE
49,0.9384368629547616,2022-09-30 22:00:11.952049,2022-09-30 22:01:19.275242,0 days 00:01:07.323193,18.0,396.0,96.0,13.0,260.0,438.0,COMPLETE
144,0.938436802133329,2022-09-30 23:53:06.191179,2022-09-30 23:54:13.127125,0 days 00:01:06.935946,24.0,386.0,111.0,11.0,320.0,432.0,COMPLETE
224,0.9384351877595146,2022-10-01 01:24:56.064733,2022-10-01 01:26:05.808177,0 days 00:01:09.743444,22.0,392.0,110.0,22.0,355.0,448.0,COMPLETE
78,0.938424857362364,2022-09-30 22:34:34.595174,2022-09-30 22:35:52.204033,0 days 00:01:17.608859,19.0,391.0,104.0,9.0,396.0,499.0,COMPLETE
35,0.9384070992504044,2022-09-30 21:43:01.263658,2022-09-30 21:44:06.789693,0 days 00:01:05.526035,23.0,380.0,117.0,16.0,489.0,417.0,COMPLETE
64,0.93840524435547,2022-09-30 22:17:58.884469,2022-09-30 22:19:11.944303,0 days 00:01:13.059834,24.0,388.0,111.0,11.0,419.0,468.0,COMPLETE
22,0.938400204946676,2022-09-30 21:27:35.813434,2022-09-30 21:29:04.955615,0 days 00:01:29.142181,26.0,390.0,56.0,22.0,443.0,573.0,COMPLETE
91,0.9383937170407016,2022-09-30 22:49:20.831584,2022-09-30 22:50:36.731698,0 days 00:01:15.900114,20.0,385.0,119.0,12.0,457.0,485.0,COMPLETE
155,0.9383857198161145,2022-10-01 00:05:48.185052,2022-10-01 00:06:53.615901,0 days 00:01:05.430849,19.0,394.0,107.0,14.0,343.0,420.0,COMPLETE
125,0.9383823362502935,2022-09-30 23:31:10.531127,2022-09-30 23:32:12.568956,0 days 00:01:02.037829,25.0,387.0,102.0,7.0,373.0,398.0,COMPLETE
65,0.9383798014199181,2022-09-30 22:19:11.944553,2022-09-30 22:20:09.011608,0 days 00:00:57.067055,19.0,395.0,103.0,13.0,391.0,366.0,COMPLETE
225,0.9383780184048587,2022-10-01 01:26:05.808502,2022-10-01 01:27:13.560241,0 days 00:01:07.751739,21.0,396.0,114.0,11.0,276.0,441.0,COMPLETE
74,0.9383758455797084,2022-09-30 22:29:56.902838,2022-09-30 22:31:11.458860,0 days 00:01:14.556022,21.0,400.0,98.0,30.0,478.0,475.0,COMPLETE
265,0.9383707011157125,2022-10-01 02:09:14.244465,2022-10-01 02:10:34.933110,0 days 00:01:20.688645,21.0,398.0,114.0,26.0,456.0,514.0,COMPLETE
200,0.9383692830292487,2022-10-01 00:58:37.190177,2022-10-01 00:59:43.198178,0 days 00:01:06.008001,19.0,390.0,108.0,14.0,465.0,421.0,COMPLETE
232,0.9383629665291299,2022-10-01 01:34:01.391917,2022-10-01 01:35:09.056155,0 days 00:01:07.664238,24.0,400.0,92.0,26.0,332.0,434.0,COMPLETE
238,0.9383593977344004,2022-10-01 01:40:31.008139,2022-10-01 01:41:31.195674,0 days 00:01:00.187535,24.0,395.0,115.0,27.0,463.0,383.0,COMPLETE
19,0.9383571834400917,2022-09-30 21:23:18.925156,2022-09-30 21:24:33.740811,0 days 00:01:14.815655,21.0,385.0,112.0,10.0,412.0,479.0,COMPLETE
198,0.938353117174219,2022-10-01 00:56:33.541478,2022-10-01 00:57:34.161625,0 days 00:01:00.620147,17.0,397.0,109.0,14.0,352.0,390.0,COMPLETE
98,0.9383520085653794,2022-09-30 22:57:54.583984,2022-09-30 22:59:07.520962,0 days 00:01:12.936978,24.0,398.0,102.0,15.0,414.0,467.0,COMPLETE
269,0.9383264218700775,2022-10-01 02:13:51.794786,2022-10-01 02:14:52.178739,0 days 00:01:00.383953,26.0,389.0,114.0,15.0,478.0,385.0,COMPLETE
227,0.9383143526916368,2022-10-01 01:28:25.553561,2022-10-01 01:29:35.692451,0 days 00:01:10.138890,23.0,394.0,62.0,12.0,383.0,451.0,COMPLETE
79,0.9383127604347069,2022-09-30 22:35:52.204215,2022-09-30 22:37:04.161220,0 days 00:01:11.957005,21.0,387.0,109.0,19.0,371.0,463.0,COMPLETE
146,0.9383072869820529,2022-09-30 23:55:19.447583,2022-09-30 23:56:35.079757,0 days 00:01:15.632174,24.0,390.0,110.0,8.0,355.0,488.0,COMPLETE
196,0.9383028309060893,2022-10-01 00:54:20.023056,2022-10-01 00:55:28.563586,0 days 00:01:08.540530,18.0,392.0,83.0,15.0,373.0,441.0,COMPLETE
163,0.9383014238780679,2022-10-01 00:14:58.162545,2022-10-01 00:16:36.669444,0 days 00:01:38.506899,20.0,395.0,112.0,32.0,216.0,647.0,COMPLETE
216,0.9383011225355156,2022-10-01 01:16:06.632584,2022-10-01 01:17:14.985092,0 days 00:01:08.352508,21.0,388.0,108.0,13.0,375.0,438.0,COMPLETE
80,0.9382980790167949,2022-09-30 22:37:04.161423,2022-09-30 22:38:04.541641,0 days 00:01:00.380218,36.0,384.0,61.0,36.0,334.0,389.0,COMPLETE
45,0.9382930672541064,2022-09-30 21:55:45.884756,2022-09-30 21:56:39.657704,0 days 00:00:53.772948,25.0,394.0,68.0,23.0,439.0,341.0,COMPLETE
8,0.9382833561297241,2022-09-30 21:10:09.952393,2022-09-30 21:10:58.581430,0 days 00:00:48.629037,28.0,398.0,88.0,27.0,402.0,308.0,COMPLETE
108,0.9382782089011177,2022-09-30 23:10:48.836104,2022-09-30 23:12:13.118313,0 days 00:01:24.282209,25.0,397.0,114.0,20.0,362.0,543.0,COMPLETE
268,0.938273321545905,2022-10-01 02:12:48.447293,2022-10-01 02:13:51.794200,0 days 00:01:03.346907,22.0,392.0,111.0,29.0,320.0,408.0,COMPLETE
21,0.938272674627031,2022-09-30 21:26:09.109641,2022-09-30 21:27:35.813260,0 days 00:01:26.703619,26.0,389.0,72.0,13.0,475.0,555.0,COMPLETE
86,0.938263427957225,2022-09-30 22:44:01.582057,2022-09-30 22:45:09.286983,0 days 00:01:07.704926,23.0,391.0,114.0,12.0,482.0,432.0,COMPLETE
188,0.9382599282777597,2022-10-01 00:45:04.165443,2022-10-01 00:46:07.473028,0 days 00:01:03.307585,16.0,398.0,113.0,14.0,345.0,406.0,COMPLETE
109,0.9382496752897055,2022-09-30 23:12:13.118570,2022-09-30 23:13:40.855494,0 days 00:01:27.736924,26.0,380.0,118.0,21.0,409.0,564.0,COMPLETE
87,0.9382449206358001,2022-09-30 22:45:09.287218,2022-09-30 22:46:12.674392,0 days 00:01:03.387174,25.0,398.0,105.0,14.0,449.0,405.0,COMPLETE
252,0.9382434914908939,2022-10-01 01:54:58.636528,2022-10-01 01:55:57.070860,0 days 00:00:58.434332,19.0,391.0,112.0,27.0,456.0,372.0,COMPLETE
286,0.9382320084098946,2022-10-01 02:33:16.422546,2022-10-01 02:34:15.172441,0 days 00:00:58.749895,22.0,389.0,90.0,28.0,453.0,376.0,COMPLETE
223,0.9382287243700542,2022-10-01 01:23:44.377260,2022-10-01 01:24:56.064489,0 days 00:01:11.687229,24.0,398.0,107.0,29.0,369.0,460.0,COMPLETE
263,0.9382232813281164,2022-10-01 02:06:35.239436,2022-10-01 02:07:43.067124,0 days 00:01:07.827688,20.0,396.0,86.0,27.0,466.0,432.0,COMPLETE
24,0.9381867864320546,2022-09-30 21:30:25.284294,2022-09-30 21:31:43.271891,0 days 00:01:17.987597,33.0,376.0,74.0,9.0,399.0,503.0,COMPLETE
190,0.9381803648767338,2022-10-01 00:47:18.138413,2022-10-01 00:48:32.326156,0 days 00:01:14.187743,18.0,395.0,114.0,14.0,334.0,476.0,COMPLETE
282,0.9381606578730806,2022-10-01 02:28:32.767254,2022-10-01 02:29:35.924326,0 days 00:01:03.157072,23.0,391.0,109.0,13.0,345.0,407.0,COMPLETE
46,0.938150056544094,2022-09-30 21:56:39.657912,2022-09-30 21:57:56.322782,0 days 00:01:16.664870,22.0,386.0,80.0,18.0,471.0,491.0,COMPLETE
250,0.9381309079917762,2022-10-01 01:52:54.161328,2022-10-01 01:53:55.377240,0 days 00:01:01.215912,24.0,396.0,118.0,28.0,463.0,390.0,COMPLETE
175,0.9381077814823642,2022-10-01 00:29:41.625790,2022-10-01 00:30:32.063351,0 days 00:00:50.437561,20.0,388.0,110.0,10.0,371.0,321.0,COMPLETE
84,0.9381009258831837,2022-09-30 22:41:46.608995,2022-09-30 22:42:57.368252,0 days 00:01:10.759257,25.0,382.0,69.0,17.0,426.0,455.0,COMPLETE
104,0.9380927130189719,2022-09-30 23:05:52.041546,2022-09-30 23:07:18.291536,0 days 00:01:26.249990,18.0,389.0,95.0,17.0,461.0,553.0,COMPLETE
44,0.9380711068866151,2022-09-30 21:54:39.980075,2022-09-30 21:55:45.884557,0 days 00:01:05.904482,25.0,375.0,82.0,14.0,384.0,425.0,COMPLETE
194,0.938039239472372,2022-10-01 00:52:00.540235,2022-10-01 00:53:11.373187,0 days 00:01:10.832952,19.0,366.0,112.0,13.0,321.0,460.0,COMPLETE
246,0.9380335809495693,2022-10-01 01:48:47.881741,2022-10-01 01:49:46.353936,0 days 00:00:58.472195,24.0,392.0,114.0,27.0,486.0,372.0,COMPLETE
55,0.9380312892461646,2022-09-30 22:07:15.763652,2022-09-30 22:08:31.572019,0 days 00:01:15.808367,21.0,373.0,106.0,7.0,500.0,484.0,COMPLETE
76,0.9380098213443364,2022-09-30 22:32:16.854748,2022-09-30 22:33:25.861851,0 days 00:01:09.007103,23.0,378.0,94.0,14.0,289.0,451.0,COMPLETE
48,0.9379814066111788,2022-09-30 21:59:10.266678,2022-09-30 22:00:11.951846,0 days 00:01:01.685168,24.0,379.0,68.0,10.0,407.0,397.0,COMPLETE
174,0.9379752117539251,2022-10-01 00:28:26.654047,2022-10-01 00:29:41.625428,0 days 00:01:14.971381,21.0,391.0,112.0,11.0,346.0,482.0,COMPLETE
54,0.9379601377613116,2022-09-30 22:05:51.856983,2022-09-30 22:07:15.763471,0 days 00:01:23.906488,27.0,388.0,78.0,14.0,466.0,537.0,COMPLETE
42,0.9379321404843506,2022-09-30 21:52:28.099049,2022-09-30 21:53:31.467074,0 days 00:01:03.368025,20.0,382.0,115.0,15.0,456.0,405.0,COMPLETE
5,0.9379219925514978,2022-09-30 21:06:57.199504,2022-09-30 21:07:47.743631,0 days 00:00:50.544127,36.0,382.0,71.0,34.0,272.0,326.0,COMPLETE
33,0.9379159552770469,2022-09-30 21:40:54.145968,2022-09-30 21:42:05.917399,0 days 00:01:11.771431,17.0,371.0,105.0,9.0,512.0,459.0,COMPLETE
18,0.9378748411929978,2022-09-30 21:22:19.674997,2022-09-30 21:23:18.924948,0 days 00:00:59.249951,19.0,346.0,120.0,40.0,464.0,381.0,COMPLETE
58,0.9378745426150559,2022-09-30 22:10:40.251465,2022-09-30 22:11:45.042483,0 days 00:01:04.791018,18.0,363.0,59.0,15.0,221.0,428.0,COMPLETE
59,0.9378512225829039,2022-09-30 22:11:45.042672,2022-09-30 22:13:12.298797,0 days 00:01:27.256125,20.0,377.0,103.0,17.0,292.0,571.0,COMPLETE
117,0.937841832153348,2022-09-30 23:22:07.500936,2022-09-30 23:23:11.448616,0 days 00:01:03.947680,22.0,387.0,112.0,11.0,350.0,412.0,COMPLETE
275,0.9378169972733622,2022-10-01 02:20:21.916133,2022-10-01 02:21:55.905695,0 days 00:01:33.989562,24.0,393.0,111.0,26.0,210.0,617.0,COMPLETE
128,0.9377770662838782,2022-09-30 23:34:26.095539,2022-09-30 23:35:35.368810,0 days 00:01:09.273271,21.0,393.0,105.0,9.0,268.0,453.0,COMPLETE
13,0.9377727925134529,2022-09-30 21:15:56.689578,2022-09-30 21:17:15.920924,0 days 00:01:19.231346,23.0,379.0,96.0,11.0,506.0,506.0,COMPLETE
12,0.9377584013796508,2022-09-30 21:14:32.880675,2022-09-30 21:15:56.689392,0 days 00:01:23.808717,24.0,367.0,64.0,6.0,510.0,538.0,COMPLETE
102,0.9377382382152529,2022-09-30 23:03:16.522058,2022-09-30 23:04:35.118290,0 days 00:01:18.596232,17.0,392.0,111.0,14.0,436.0,503.0,COMPLETE
17,0.9376971158373721,2022-09-30 21:21:05.850726,2022-09-30 21:22:19.674823,0 days 00:01:13.824097,16.0,354.0,100.0,11.0,340.0,480.0,COMPLETE
34,0.9376248089040597,2022-09-30 21:42:05.917600,2022-09-30 21:43:01.263473,0 days 00:00:55.345873,19.0,361.0,114.0,8.0,373.0,356.0,COMPLETE
150,0.9376100528416622,2022-10-01 00:00:07.598503,2022-10-01 00:01:10.949039,0 days 00:01:03.350536,20.0,356.0,109.0,14.0,329.0,411.0,COMPLETE
207,0.9375818731004033,2022-10-01 01:06:26.401096,2022-10-01 01:07:35.521720,0 days 00:01:09.120624,21.0,326.0,117.0,24.0,451.0,448.0,COMPLETE
9,0.9375603416125319,2022-09-30 21:10:58.581673,2022-09-30 21:11:45.029271,0 days 00:00:46.447598,39.0,324.0,51.0,18.0,376.0,302.0,COMPLETE
66,0.9375183926160897,2022-09-30 22:20:09.012118,2022-09-30 22:21:40.699635,0 days 00:01:31.687517,23.0,381.0,50.0,10.0,446.0,590.0,COMPLETE
20,0.9374573310072675,2022-09-30 21:24:33.741018,2022-09-30 21:26:09.109455,0 days 00:01:35.368437,26.0,369.0,99.0,16.0,477.0,611.0,COMPLETE
96,0.9374346634232106,2022-09-30 22:55:33.075898,2022-09-30 22:56:42.520181,0 days 00:01:09.444283,26.0,351.0,107.0,18.0,427.0,448.0,COMPLETE
83,0.937386876045519,2022-09-30 22:40:20.200323,2022-09-30 22:41:46.608760,0 days 00:01:26.408437,22.0,370.0,107.0,15.0,491.0,553.0,COMPLETE
1,0.9372742125314543,2022-09-30 21:01:35.659869,2022-09-30 21:03:07.515426,0 days 00:01:31.855557,17.0,361.0,83.0,8.0,356.0,596.0,COMPLETE
39,0.937206765148489,2022-09-30 21:48:12.594253,2022-09-30 21:50:01.074806,0 days 00:01:48.480553,23.0,359.0,88.0,30.0,473.0,699.0,COMPLETE
110,0.9372033954057207,2022-09-30 23:13:40.855712,2022-09-30 23:14:46.682609,0 days 00:01:05.826897,24.0,342.0,106.0,14.0,236.0,435.0,COMPLETE
271,0.9371635419840928,2022-10-01 02:15:58.611546,2022-10-01 02:17:06.434697,0 days 00:01:07.823151,20.0,348.0,116.0,14.0,350.0,440.0,COMPLETE
50,0.9370782286693554,2022-09-30 22:01:19.275706,2022-09-30 22:02:18.680060,0 days 00:00:59.404354,20.0,339.0,85.0,17.0,497.0,383.0,COMPLETE
3,0.9370026432254237,2022-09-30 21:04:11.457233,2022-09-30 21:05:11.382763,0 days 00:00:59.925530,30.0,359.0,52.0,15.0,436.0,388.0,COMPLETE
27,0.9368960472377665,2022-09-30 21:33:53.471180,2022-09-30 21:35:14.152793,0 days 00:01:20.681613,31.0,349.0,75.0,6.0,445.0,522.0,COMPLETE
29,0.9368122378711807,2022-09-30 21:36:28.219942,2022-09-30 21:37:40.832224,0 days 00:01:12.612282,21.0,331.0,112.0,26.0,490.0,468.0,COMPLETE
75,0.9366825651371019,2022-09-30 22:31:11.459054,2022-09-30 22:32:16.854523,0 days 00:01:05.395469,22.0,332.0,110.0,15.0,414.0,423.0,COMPLETE
189,0.9366341145703927,2022-10-01 00:46:07.473330,2022-10-01 00:47:18.138179,0 days 00:01:10.664849,19.0,307.0,111.0,13.0,339.0,464.0,COMPLETE
40,0.9366102388515156,2022-09-30 21:50:01.074983,2022-09-30 21:51:21.854328,0 days 00:01:20.779345,28.0,315.0,118.0,11.0,497.0,524.0,COMPLETE
273,0.9365605276223852,2022-10-01 02:18:10.536088,2022-10-01 02:19:19.083410,0 days 00:01:08.547322,21.0,319.0,108.0,28.0,471.0,445.0,COMPLETE
2,0.9365568150679059,2022-09-30 21:03:07.515580,2022-09-30 21:04:11.457061,0 days 00:01:03.941481,18.0,328.0,108.0,36.0,272.0,421.0,COMPLETE
214,0.9365117287147436,2022-10-01 01:13:59.893782,2022-10-01 01:15:01.199875,0 days 00:01:01.306093,20.0,334.0,114.0,31.0,344.0,399.0,COMPLETE
0,0.9364741998543277,2022-09-30 20:59:46.196346,2022-09-30 21:01:35.659632,0 days 00:01:49.463286,29.0,339.0,80.0,29.0,272.0,677.0,COMPLETE
94,0.9364077007327888,2022-09-30 22:53:04.457404,2022-09-30 22:54:23.522047,0 days 00:01:19.064643,22.0,317.0,116.0,6.0,405.0,515.0,COMPLETE
7,0.9360681452622507,2022-09-30 21:09:23.214375,2022-09-30 21:10:09.952229,0 days 00:00:46.737854,22.0,295.0,84.0,28.0,206.0,310.0,COMPLETE
70,0.9356481692026498,2022-09-30 22:25:12.614799,2022-09-30 22:26:14.840844,0 days 00:01:02.226045,26.0,299.0,107.0,7.0,322.0,409.0,COMPLETE
120,0.9356459191271634,2022-09-30 23:25:29.510911,2022-09-30 23:26:34.438978,0 days 00:01:04.928067,26.0,287.0,109.0,7.0,379.0,427.0,COMPLETE
6,0.9352928624099082,2022-09-30 21:07:47.743828,2022-09-30 21:09:23.214210,0 days 00:01:35.470382,33.0,306.0,79.0,34.0,271.0,635.0,COMPLETE
30,0.9352780427614674,2022-09-30 21:37:40.832542,2022-09-30 21:38:37.224319,0 days 00:00:56.391777,19.0,283.0,106.0,25.0,424.0,369.0,COMPLETE
295,,2022-10-01 02:43:05.023870,,,,,,,,,RUNNING
