boosting_type,colsample_bytree,force_col_wise,learning_rate,max_depth,num_leaves,reg_alpha,reg_lambda,subsample,loss,iteration
dart,0.9420947366084116,+,0.41819624796046195,5,80,0.7648767814489441,0.1411113625800238,0.5276061678432945,0.0030573995215382,467
dart,0.9092945703409495,+,0.4624224754754243,5,65,0.6754800773812375,0.8643022181409372,0.5009660081371436,0.0030597312023442,237
goss,0.9761019083250786,+,0.29500564683555697,5,39,0.37804415522746626,0.5568293289890961,1.0,0.0030691442812175,276
gbdt,0.9872796749121331,+,0.28237254879108076,5,89,0.44027971273964195,0.9922425160581708,0.6451314409330384,0.0030720236911964,209
dart,0.9358647316870262,+,0.38709123567539433,5,31,0.7938129791642116,0.5945433859613856,0.6974719313929642,0.0030769613110371,184
dart,0.9837781649080996,+,0.4733115024235952,5,80,0.7482762169623851,0.42531312990039316,0.6460784073390402,0.0030776739702677,486
goss,0.997783153904177,+,0.17902339537028636,5,75,0.9857327119008867,0.3164358208210174,1.0,0.0030778948158842,67
goss,0.9116288641707838,+,0.20720898637554752,5,89,0.5958000582314179,0.002018257546707952,1.0,0.0030784266003016,151
gbdt,0.9812119530474691,+,0.2051107500532745,5,65,0.968040087495263,0.6993186127863532,0.6107432596074824,0.003079545584335,465
dart,0.9753041552183263,+,0.5999068546741242,5,64,0.8256671908990875,0.6163257421256803,0.6893229313029461,0.0030825642252798,495
dart,0.9735835551313187,+,0.6677476299649365,5,69,0.8098020791012015,0.14347423998276151,0.5570550862079973,0.0030848193782645,468
dart,0.9332970960237285,+,0.7377578118982664,5,40,0.7478257112865023,0.5834458891812062,0.7161212312126726,0.0030876505557192,487
dart,0.989498417510468,+,0.6329749176349994,5,75,0.861081879415096,0.2864112038512994,0.528412499463069,0.0030899587462996,478
goss,0.9187902290380825,+,0.20948372471295557,5,80,0.4534215543144565,0.2403620373677579,1.0,0.0030906940691038,132
dart,0.9364259290132696,+,0.7399543637664916,5,62,0.711331064314954,0.6739192475723064,0.569827573974887,0.0030939587783914,498
goss,0.9748775259999298,+,0.23409914426403,5,49,0.1287922666986095,0.6248843106339319,1.0,0.0030946063840783,367
dart,0.861027195340311,+,0.5487410846717129,5,32,0.6765047528466941,0.9706823939269167,0.6714915511649365,0.0030951845382186,242
gbdt,0.9913598284919125,+,0.2781903886295898,5,50,0.4176444186660819,0.775509105481347,0.8759365151668169,0.0030983782080875,225
dart,0.936068894312748,+,0.7622570945235418,5,96,0.9660125429774258,0.8140416287261446,0.5858891944061775,0.003099061218352,191
dart,0.9472898754355413,+,0.5097868749204562,5,80,0.7798444350815861,0.4455241126427292,0.6080331405543966,0.0030991672801933,494
goss,0.9607052836971622,+,0.2950307167641547,5,98,0.7719169506710799,0.2120143472444958,1.0,0.0031004509224156,122
dart,0.9664533672364616,+,0.3915485571122272,5,76,0.8464730564308407,0.7036922544355395,0.5228405259971833,0.0031010256857794,246
goss,0.8803502151860308,+,0.23203827961277065,5,98,0.7427524173311038,0.08419522691964841,1.0,0.0031019775671161,84
goss,0.9395161897994752,+,0.20071537016459828,5,31,0.7535698461525054,0.07569847558309545,1.0,0.0031021445708202,418
dart,0.912575383848176,+,0.42412846697809814,5,34,0.371348292518808,0.562682361158062,0.9774291685211881,0.0031024872944168,164
dart,0.9459135817953901,+,0.5846933069897281,5,80,0.9423071507938624,0.27310845919266613,0.5255174119783453,0.0031031757877945,472
goss,0.991221710950779,+,0.21453688390965078,5,52,0.9995903198166303,0.9741981729539199,1.0,0.0031031777504342,320
goss,0.9962366869834605,+,0.17147088652934997,5,75,0.9920302304492232,0.18773288633030055,1.0,0.0031045281736741,25
goss,0.9993594476093068,+,0.16686287613505454,5,41,0.08253083980695364,0.4541808697966966,1.0,0.0031045822640133,141
goss,0.9626486081463382,+,0.22723654849756278,5,70,0.48746102392436075,0.963926140752113,1.0,0.0031046361669879,416
goss,0.9857950700350243,+,0.18448367547302344,5,57,0.5831454042874723,0.37176130750844577,1.0,0.0031048512183012,273
goss,0.9078375428595751,+,0.20402077397586385,5,56,0.54970421450452,0.11243787624468987,1.0,0.0031050678978227,152
dart,0.9292219240866479,+,0.6574241703814135,5,73,0.24321841771702019,0.7218234851864203,0.7633218354290001,0.0031055543642114,201
dart,0.9554687576901657,+,0.45701030131958176,5,84,0.7612459184294703,0.596283317128462,0.7636618832075173,0.0031059855712448,500
goss,0.9179258702071776,+,0.19255416352869126,5,89,0.5726405898062854,0.4894665916515119,1.0,0.0031069583086204,403
dart,0.9022791692304097,+,0.6206872387939404,5,44,0.3878872286987604,0.9998451738991031,0.9529201387660816,0.003108175875858,355
dart,0.9078569371862599,+,0.5946758904104075,5,38,0.7470788075678516,0.9016624921041252,0.6188828468168257,0.0031084243475905,190
dart,0.9871872692626383,+,0.6401432665366579,5,66,0.6913251453588329,0.47874605269166914,0.7204143376835995,0.0031092095348651,496
goss,0.9928314902595081,+,0.2271776415730401,5,53,0.8270137206341174,0.004270443413391389,1.0,0.0031107932573201,82
dart,0.9502562351238982,+,0.6053806597534576,5,39,0.5780488208288244,0.6127750056325834,0.7730174747228532,0.0031109882162704,124
goss,0.9661241052671214,+,0.18486757572277937,5,68,0.010926939057501583,0.2928893082060826,1.0,0.0031116330956689,142
dart,0.9545503396923372,+,0.4116453618530446,5,47,0.8078193877049317,0.40122815037401116,0.5487702853359897,0.0031121266376458,481
dart,0.9877998204853417,+,0.5055367921251352,5,43,0.4269742252553252,0.17344472636209649,0.6758724838509745,0.0031121299705988,358
dart,0.9089865301782081,+,0.5436410126082506,5,80,0.7537997769460631,0.5198619075708397,0.5951312936084396,0.0031123004280605,491
dart,0.853604547427227,+,0.38632795664356867,5,71,0.9211441601273199,0.7658105891724258,0.7068741209114592,0.0031144035366557,185
dart,0.9025887519812537,+,0.48674700693519546,5,31,0.46507655122505065,0.5814032399385858,0.8762434898291305,0.0031152957124711,272
dart,0.9293228509066044,+,0.44185303174643925,5,34,0.9807660547596981,0.18659771380509893,0.6980132177472382,0.0031156805004707,479
goss,0.9093691183938626,+,0.17448189504858863,5,94,0.5607059004366595,0.7044666737213618,1.0,0.0031157284280238,413
dart,0.9380768657387472,+,0.4606372174202111,5,31,0.49610574255614603,0.8626544183617593,0.7120476608920483,0.0031161082818265,379
dart,0.9087006398928344,+,0.3539843785236837,5,65,0.5636428978423842,0.6830771578000543,0.5550216627700865,0.0031168255696673,249
goss,0.9157547130849708,+,0.2190867957678619,5,66,0.8174090512462743,0.5170307649400456,1.0,0.0031168511750533,183
goss,0.9900613077839395,+,0.14056185655239042,5,60,0.9677189765824277,0.19520624689300164,1.0,0.0031170189884178,68
dart,0.9989480129250259,+,0.6070290139253977,5,47,0.7658267112995407,0.9040661471185147,0.6171418129019401,0.0031171864338809,243
dart,0.8831433422181308,+,0.5616115999781273,5,76,0.6342074376707914,0.11159036107674014,0.7859713142703174,0.0031181986008052,89
dart,0.877252859656256,+,0.3054288494453547,5,56,0.3806742995719673,0.09694231594532393,0.6525915004683174,0.003119389332599,393
goss,0.9562276738963186,+,0.2676443512858909,5,68,0.48918729937246413,0.482158704936042,1.0,0.0031197195304187,296
goss,0.9959035526400297,+,0.4034654404795388,5,77,0.3551242095363776,0.2864410446622133,1.0,0.0031201541809767,134
goss,0.9562676277574772,+,0.18261463906183276,5,62,0.7209461012465846,0.8453522596444514,1.0,0.0031204043524392,423
goss,0.9780249008086377,+,0.200673356932011,5,95,0.5868641814319779,0.7391186611918215,1.0,0.0031207929989305,436
goss,0.9368460101715661,+,0.41143440682345095,5,42,0.8232065545475058,0.7410848422345213,1.0,0.0031208127988194,346
goss,0.9398802254147449,+,0.21764467080331035,5,76,0.22394307465780292,0.09873523377102061,1.0,0.0031216167003376,165
dart,0.9994576730337941,+,0.500394875897158,5,79,0.4266487757087751,0.23414133450490238,0.9674305406445067,0.0031217004435002,440
dart,0.9622184725414722,+,0.2737935500618731,5,83,0.30847988479730976,0.6528547227240777,0.896019917427512,0.003122005110233,313
goss,0.9575975934110836,+,0.17032411600303213,5,62,0.6440100214936487,0.27961233427940185,1.0,0.0031230683440117,354
dart,0.8704200705866203,+,0.3192699135078623,5,85,0.3480365662529475,0.5675550404372423,0.9706609353519395,0.0031235550933055,194
goss,0.9764280815800018,+,0.2683253296067124,5,66,0.7404411511830762,0.1131194694403467,1.0,0.0031237784189395,409
gbdt,0.9028605411332605,+,0.2333508735912053,5,72,0.27614322841028954,0.5269348162774438,0.654198818469196,0.0031238107420626,400
goss,0.8886168982194689,+,0.21476441873876914,5,30,0.6605448579121045,0.04856518184220637,1.0,0.003124911576578,402
gbdt,0.9411279739208044,+,0.42371868805493307,5,42,0.6518981278344548,0.6222102575858331,0.7649271925013125,0.0031253677229728,275
goss,0.9841413834638966,+,0.27473622873598014,5,55,0.329570762362539,0.34338654166415356,1.0,0.0031268500261072,144
dart,0.9406556569177505,+,0.4833498796105145,5,92,0.8237149054308287,0.13652081091939422,0.500976662364871,0.0031274360426379,476
gbdt,0.971211998176695,+,0.1664950279736059,5,98,0.8855529906971005,0.397591109070936,0.7365950949451028,0.0031276710338157,388
gbdt,0.9152247729433688,+,0.23209840630185327,5,82,0.719942038603979,0.4111871675148672,0.7742411957148033,0.0031283172146227,438
dart,0.9158042114966726,+,0.5644479993071176,5,84,0.5315839617711468,0.9814757416774789,0.8447437786094575,0.0031286152716232,256
goss,0.9387920995722946,+,0.25261978831595605,5,44,0.6670844474847497,0.3549593848252676,1.0,0.0031288917888464,129
dart,0.955727886590271,+,0.684105659629636,5,65,0.48592362941008793,0.419246711956208,0.5717876634028087,0.0031290979746744,252
gbdt,0.9732977270970633,+,0.2551336904093796,5,87,0.46008326234880814,0.8176338220614856,0.6818420920691307,0.0031292532562442,442
gbdt,0.9459242914505072,+,0.2197179240336353,5,75,0.994409802589679,0.09832417666019261,0.9839273551802048,0.0031294175920658,22
goss,0.9809815427815758,+,0.19935836212806618,5,75,0.8751118984907046,0.3977858693319253,1.0,0.0031305606903124,20
dart,0.9243695504694235,+,0.46833248505208597,5,80,0.7373184684683668,0.9356122811474579,0.6213488369569046,0.0031313442431892,492
gbdt,0.9450204303853412,+,0.26483581807843026,5,68,0.7172394526453373,0.7292837023728763,0.815714102115547,0.0031316530573016,364
dart,0.9361978656929789,+,0.3675571952150426,5,63,0.23588168966416975,0.6316075627505852,0.6972058985835106,0.0031322715701861,299
goss,0.9998458391585807,+,0.1490968137282118,5,39,0.9213027644857297,0.4209684304911304,1.0,0.0031325638180481,309
goss,0.9267705943900569,+,0.16769257653398126,5,76,0.5918919257918851,0.21811682699136478,1.0,0.0031342926403487,407
dart,0.984523980920947,+,0.7750170288663515,5,39,0.3622676554970777,0.9096882402831789,0.5348802143182769,0.0031346480562687,377
goss,0.9263818580468361,+,0.2934049346743277,5,67,0.5738412173758625,0.11724256573437489,1.0,0.0031348968341041,24
dart,0.9397183159960236,+,0.6148322443188585,5,86,0.9998269887571993,0.21779031046350636,0.9438010299855072,0.0031350915106678,27
dart,0.8325732385599285,+,0.2637701637589351,5,40,0.8593691352967912,0.7504127760887934,0.5327250285926315,0.0031359329735286,254
dart,0.8853415559533818,+,0.3706109512556582,5,99,0.43197131672024974,0.7579125070607855,0.7054587978186138,0.0031360051399915,269
dart,0.9538926745016695,+,0.4585745619010281,5,90,0.7406640479133298,0.95963437557768,0.6328448594011543,0.0031369039838725,240
goss,0.9320415274249529,+,0.2645652309500778,5,33,0.5826691559082012,0.17901678235907317,1.0,0.003137160406557,155
gbdt,0.9320350438109525,+,0.18319196299979104,5,70,0.44496735526381775,0.5670149217206696,0.5816265135952506,0.0031373867741456,336
dart,0.9488328548982561,+,0.3388676076695008,5,77,0.4439623769865635,0.469402316559844,0.8863366023720465,0.0031377355150833,437
gbdt,0.9330484570521057,+,0.21636508564752746,5,79,0.19630815047285585,0.42038951647413114,0.525373775677728,0.003138140345645,368
goss,0.9990150304296854,+,0.2865497022403097,5,79,0.3300649900686097,0.4417659866468556,1.0,0.0031384879212565,280
goss,0.8841443248021263,+,0.22808338983984602,5,91,0.5629473524202859,0.07842440842193765,1.0,0.0031387373601488,146
dart,0.8932184545084176,+,0.7453435725210933,5,84,0.6192684142171538,0.2240748461138784,0.6334218376215279,0.0031396421018391,337
goss,0.9241492137109919,+,0.24457292111701154,5,65,0.4154814823209285,0.513090230513795,1.0,0.0031397018035163,425
gbdt,0.873427697063506,+,0.20128292235080705,5,94,0.5150706769022242,0.9988897811396676,0.7286565612931997,0.0031402878754439,264
dart,0.9793362440601702,+,0.5240945358631939,5,34,0.7094935592194118,0.8269094613039311,0.725627648167976,0.0031403242654218,250
dart,0.99951838808962,+,0.4664372062315481,5,39,0.3649817851909647,0.5539750784778533,0.6274362124066715,0.0031405147949583,283
gbdt,0.9017491561522919,+,0.29278421568649166,5,92,0.5008762391722072,0.6948254351068348,0.556723551594796,0.0031408348045002,167
gbdt,0.9548586627773273,+,0.22686518381547446,5,31,0.2666572304515907,0.4311469867493971,0.7154561315519626,0.0031413697175648,344
gbdt,0.999955526848274,+,0.15942791615875054,5,91,0.8640448660882326,0.7889978616488882,0.8187016088619772,0.0031415392903929,220
dart,0.9696117809310474,+,0.5987258059396908,5,76,0.0030129926364436677,0.36363082343820596,0.517447159608069,0.0031415404351707,483
dart,0.9410562322233436,+,0.7080492985322662,5,72,0.8414637148750372,0.11016452893932638,0.7544895783801301,0.0031426104047191,482
goss,0.8617848723451234,+,0.18934511585548988,5,92,0.7811489148096376,0.8308340518137688,1.0,0.0031442010949036,394
goss,0.9625941650285421,+,0.15738543734841748,5,58,0.6601654168750284,0.4326131081222161,1.0,0.0031442419990476,81
goss,0.8418726893059479,+,0.22619355709882222,5,38,0.695334566352129,0.7189645026441697,1.0,0.0031446896307735,268
dart,0.9994079157666457,+,0.49911149136564503,5,58,0.9107976316450664,0.16606287582807994,0.5875742560716687,0.0031447228934061,471
dart,0.9322593279981122,+,0.33370905981241206,5,59,0.7864425451202428,0.8789237647022342,0.9780078606809665,0.0031448110448889,251
dart,0.88733665516151,+,0.4232652327889357,5,92,0.9019401244127412,0.9133159828992741,0.8522100450771108,0.003145232260974,245
goss,0.9748092898963905,+,0.3120522776343735,5,39,0.3306986858537102,0.5643694238169944,1.0,0.0031466434722782,277
goss,0.976610801825821,+,0.16278694835429064,5,82,0.3790277595569434,0.29424557188184136,1.0,0.0031466472488704,293
dart,0.9622254813924374,+,0.37614443231617023,5,98,0.8875647815761905,0.34011526113872115,0.6266363620235526,0.0031468935513618,477
goss,0.9248150398122296,+,0.19627481300247349,5,93,0.9987578505602938,0.47668840563526904,1.0,0.0031472272365565,116
goss,0.9556058793035026,+,0.1494425810706838,5,74,0.9936110203049933,0.24216881515639402,1.0,0.0031477032073592,71
dart,0.969961560153806,+,0.4101064295444112,5,80,0.7895826181400234,0.21866074686263715,0.5438534473630408,0.003148366025826,474
goss,0.8980181283576701,+,0.38412423412653707,5,67,0.6965166426537004,0.8929277443688495,1.0,0.0031486064832976,419
dart,0.8623197923236555,+,0.7059085804353644,5,31,0.900739052616117,0.6720178800671245,0.6055568904475278,0.0031487036544177,188
gbdt,0.9014437010734792,+,0.44048626510834105,5,86,0.04043086491956488,0.655284111798362,0.9811937532495779,0.0031497580577188,257
goss,0.8914607256203122,+,0.334584468233776,5,97,0.8480324763038363,0.8921542832261309,1.0,0.0031507556307327,365
dart,0.7364169956958583,+,0.3702920016721957,5,65,0.7337846296129256,0.5473322276672706,0.7304185729578472,0.0031508466797749,385
dart,0.8780230677172262,+,0.5275359386987791,5,31,0.8824989140249588,0.593577910361931,0.7801849347045181,0.0031512321904223,186
gbdt,0.9512912540619891,+,0.3909878185907836,5,93,0.25344330116225355,0.6452100103253016,0.8913686614247718,0.0031513487814466,284
goss,0.9750125137184745,+,0.20828769311528536,5,75,0.8711130068538813,0.421985394060843,1.0,0.0031514245388147,66
gbdt,0.9368121422449819,+,0.23528262928052163,5,77,0.4401382439403882,0.7245526780771672,0.6362006247996622,0.0031526204597492,218
dart,0.9149796944426757,+,0.35104161028304376,5,44,0.30899053774150814,0.5252521090672032,0.5228197466001164,0.0031530219783483,205
goss,0.9714751484996086,+,0.28826977088788097,5,99,0.4550659789401519,0.722491771317006,1.0,0.0031531692866106,420
gbdt,0.9682033609521763,+,0.4325620002200734,5,81,0.5825893118841219,0.8333191437578065,0.5414912252350568,0.0031534275970429,219
goss,0.8901522616429512,+,0.2439369766138138,5,32,0.45584576638397023,0.12009349762594831,1.0,0.0031558794706453,162
dart,0.9716841293775533,+,0.5044394600532526,5,78,0.42502140946767586,0.43039338334494914,0.8568416283724906,0.003156325117518,143
dart,0.9490345372744149,+,0.45822769531069746,5,31,0.4708718622327354,0.9737186149622785,0.5407278064696145,0.0031570067631908,458
goss,0.9371221271413394,+,0.18032841303080455,5,83,0.5119038607228477,0.311039984766092,1.0,0.0031571555458379,463
gbdt,0.994762853903489,+,0.2727101688784768,5,49,0.7980175689302108,0.9501480544814377,0.6827612722730961,0.0031584367429888,211
gbdt,0.848805741276806,+,0.19578535273389763,5,95,0.7893952747347618,0.47225086359915597,0.9639511949367552,0.0031587687888078,360
gbdt,0.8746762335841428,+,0.17097261184377946,5,69,0.5303460085022818,0.41124343898487,0.6363026942789164,0.0031598919623512,160
dart,0.8502686307380278,+,0.2952507815787925,5,51,0.6235752103976395,0.9384741327488418,0.6433284589782339,0.0031618498755512,248
goss,0.9871497907323966,+,0.1542985430829485,5,39,0.6479573488734874,0.5680974145484496,1.0,0.0031621505340867,417
dart,0.9820124315364811,+,0.5446135466175029,5,78,0.7683415801769414,0.24138548936287418,0.5789486002757918,0.0031621994403066,475
dart,0.946220881514785,+,0.26151051238455203,5,74,0.8046320240534988,0.7637515054320253,0.509998357120154,0.0031627576675257,382
dart,0.9813562495454742,+,0.28736897039819004,5,57,0.4771455289174131,0.6889132279524156,0.7957680122367898,0.0031630010878052,345
goss,0.9123641409709267,+,0.2175073382963392,5,42,0.7695779379733109,0.4400309632250151,1.0,0.0031631992106725,426
gbdt,0.9198213360254579,+,0.14224303461923862,5,34,0.3752670595135945,0.1976850176511325,0.8366434287499503,0.0031633291238474,332
gbdt,0.9231817708015744,+,0.4040381736204406,5,43,0.6997516701790882,0.5894945658783156,0.9156762764080196,0.003163563394923,206
dart,0.9661809765473314,+,0.33547671488672665,5,32,0.8610197172613419,0.4511639396911146,0.9872394425303903,0.0031642189484296,323
dart,0.9731920899866647,+,0.47269629081562536,5,99,0.3312853076023398,0.5911740650144872,0.551745678216077,0.0031647401590735,342
dart,0.9492689175979905,+,0.36710420960904916,5,87,0.8823705034541123,0.9585402556677014,0.9435911626272118,0.0031647984646697,227
goss,0.9637942326514991,+,0.2923761586731364,5,37,0.5175917193918904,0.6266809258928155,1.0,0.0031652463223386,439
gbdt,0.9675941241447471,+,0.14538808884572335,5,50,0.6066621507430711,0.9997873439844612,0.6432510624189256,0.0031656437725832,460
goss,0.9566848046843213,+,0.3276238288726184,5,33,0.3181326334977678,0.765150499546457,1.0,0.0031660311428401,459
goss,0.920584040760374,+,0.14782403844188793,5,52,0.40585039095543396,0.1481322597811154,1.0,0.0031662552996557,158
dart,0.7988887503842713,+,0.47459641431116417,5,72,0.3261501932748672,0.5405121780267548,0.9991255363640511,0.003166365046514,92
dart,0.8299180620589353,+,0.4430799361482784,5,80,0.6853710625058405,0.7383244805124757,0.6518580468393154,0.0031664362329076,195
gbdt,0.9926115460294915,+,0.43223298941347316,5,46,0.5488850717019804,0.382819636008226,0.807578171290659,0.0031665330793321,447
goss,0.9193826743179078,+,0.28039241580069235,5,51,0.5053335707352546,0.1617719138362936,1.0,0.003167429306031,412
goss,0.9064236199680791,+,0.155408019121304,5,89,0.6134152988210173,0.023978320361049903,1.0,0.0031681786061245,404
goss,0.9845545954770782,+,0.36388785568164644,5,81,0.7988307355774593,0.03208654788268357,1.0,0.0031703826401634,444
gbdt,0.9920022439312789,+,0.2634216487406267,5,54,0.5426765493113737,0.86242127125144,0.7173257587121492,0.0031712410946403,433
gbdt,0.9271291929505883,+,0.31901140484830426,5,97,0.4527802246665376,0.5216820736988815,0.6667099175917295,0.003172103233541,295
goss,0.8583853629733807,+,0.33920897551980067,5,98,0.6381817566522066,0.14980102631840642,1.0,0.0031728868307018,123
goss,0.9605978212505816,+,0.2984270074529895,5,87,0.7129893698788132,0.10171407463276702,1.0,0.0031746274711877,126
gbdt,0.9517929279715306,+,0.1252438844321966,5,75,0.9916999904887428,0.048762336443272554,0.9933120291714327,0.0031754751123886,23
dart,0.9910540160669363,+,0.3389325163636295,5,45,0.38095823915734867,0.5060187379876182,0.5021382573695852,0.0031755768171836,278
dart,0.9319424070987573,+,0.7132636262966299,5,44,0.20277202314408782,0.46320832172307236,0.9221537217264052,0.0031763812457262,286
goss,0.8710830573273105,+,0.16418904780570326,5,51,0.8165351491801011,0.7429519784394316,1.0,0.0031771809304045,99
goss,0.9267396025868325,+,0.16873120725793916,5,62,0.6708098367746279,0.8481231396365001,1.0,0.0031776379135406,265
dart,0.9868928740955037,+,0.25940404555548763,5,64,0.7362770306228463,0.6698530915816518,0.809799759959324,0.0031778448567871,331
dart,0.9985888595081553,+,0.31067651644882815,5,59,0.9252212970775903,0.308250677130143,0.6643028557416302,0.0031782964796276,485
gbdt,0.8784386847276435,+,0.3158162803830475,5,54,0.5994031980716295,0.9844136746211026,0.7927338118858398,0.0031797660934077,352
goss,0.879199569428845,+,0.17675757378236398,5,33,0.8150079858400237,0.13355470042643444,1.0,0.0031801017017315,72
goss,0.8614281692811306,+,0.2453656947812567,5,47,0.7093210349850403,0.13561364744095933,1.0,0.0031801247562249,90
goss,0.9527894198761792,+,0.15594155370622706,5,98,0.47805345469607424,0.1360681206204152,1.0,0.0031801633800316,147
gbdt,0.9061558906431535,+,0.33960760592404127,5,41,0.36599613828251165,0.9216154145638377,0.9483694803768099,0.0031812169478976,222
dart,0.706521375344251,+,0.40556596235631354,5,61,0.5841260925790669,0.32400437178749486,0.84059438733265,0.0031818677288534,401
dart,0.9615240995305361,+,0.29197184300094753,5,41,0.3182662984141414,0.6072780590836292,0.5139262833504433,0.0031820464246689,289
goss,0.8185404154766431,+,0.19590756858260777,5,59,0.4458235966722412,0.35428127809652576,1.0,0.0031822140032694,95
goss,0.9602348442681311,+,0.41415999283340577,5,33,0.3205409588095115,0.1281732349810833,1.0,0.0031838771813279,383
dart,0.9810182891242616,+,0.3379781277902024,5,69,0.21332428264735218,0.5894826490080204,0.6935406846809177,0.0031839230574765,387
dart,0.9385580579168689,+,0.766803233115735,5,69,0.998526707835864,0.8475939490057915,0.5436391008527445,0.0031843913275734,241
goss,0.9410219624993237,+,0.3132555662018969,5,89,0.7029295221997065,0.6326029715666218,1.0,0.0031848060327219,406
goss,0.8725131759761842,+,0.3504310154450123,5,89,0.5505806564322562,0.016111499892816634,1.0,0.0031855171926888,408
dart,0.9615407415435873,+,0.8110394220817914,5,52,0.8761545943664149,0.1824467609531208,0.5123855097355587,0.0031877128812313,469
goss,0.9463412460627909,+,0.35545999537939943,5,89,0.6816944392700703,0.6008637057514744,1.0,0.00318805804975,422
gbdt,0.8595110038814903,+,0.2215336997314065,5,96,0.7753643788278823,0.6170793585023162,0.7973100175434191,0.0031888414239142,8
gbdt,0.8506872061037457,+,0.20866955805582726,5,91,0.35894604679068515,0.1349219407247893,0.6138928576810878,0.0031903938547607,57
goss,0.8659720417569785,+,0.32055580521770477,5,43,0.5082059063236593,0.04918125381355264,1.0,0.0031914802962318,130
gbdt,0.9232642560693601,+,0.2949083784031356,5,48,0.5974076865524592,0.0004613161172455915,0.9269603970426712,0.0031916902385004,30
dart,0.9019383442093701,+,0.2954417496022881,5,89,0.5967448320699407,0.47608775013109983,0.6062387515076202,0.0031916914439431,65
goss,0.9615048418107083,+,0.14009012070342805,5,71,0.4748033172600029,0.5200835947394965,1.0,0.0031922493461217,263
goss,0.912307286759543,+,0.31266131473578673,5,75,0.5612276163651031,0.38245267150351353,1.0,0.0031926587591502,93
goss,0.9812790946007961,+,0.3114374016631137,5,57,0.3935151904878502,0.6425195317056884,1.0,0.0031939487491311,427
goss,0.9782757417305475,+,0.29514732587183057,5,63,0.6046555599207252,0.004265345341988247,1.0,0.0031943164717542,153
gbdt,0.9646498807859916,+,0.13163702140537262,5,63,0.9271072946059469,0.8735155734027115,0.9055580626564945,0.0031943945700803,228
gbdt,0.8099176154231165,+,0.35168023640997503,5,82,0.8886839468290837,0.39976458282964167,0.7303893065873668,0.0031951252499311,46
dart,0.9814887733640075,+,0.6605180068065599,5,80,0.7905665012645984,0.6523458355422423,0.650346186057412,0.0031953393726117,490
goss,0.9993910180202523,+,0.1292790179301129,5,90,0.8574343860499795,0.27610403551563245,1.0,0.0031975499063016,75
goss,0.8360072219612719,+,0.17857718757997057,5,45,0.8326401767658561,0.3039647029729631,1.0,0.0031978390706414,113
goss,0.9827147371812118,+,0.35028970394346426,5,65,0.28854649412247524,0.5001241894373449,1.0,0.0031986190449661,285
goss,0.7945615076589005,+,0.3210889532800422,5,32,0.9706128322076769,0.6130162127844356,1.0,0.0031997362470835,80
goss,0.9999827806777085,+,0.3825351255728609,5,88,0.7812736582934441,0.8725818928668412,1.0,0.0032015925749027,453
goss,0.9356422424008292,+,0.13138563609444495,5,36,0.3777085338233884,0.20098009479111828,1.0,0.003201735104454,445
goss,0.8925563678716127,+,0.3694773209942144,5,98,0.540456902921795,0.5235019526596766,1.0,0.0032021626873343,125
dart,0.8425917517284008,+,0.27820672841484767,5,59,0.7086242921343462,0.8035714817198836,0.7698897909225316,0.0032027468505798,398
dart,0.7917633215371054,+,0.2769529921873595,5,39,0.23381961223959521,0.7971918069791768,0.6678910988731726,0.0032038259489789,455
goss,0.9265109118582938,+,0.13935123404569105,5,37,0.5063969110856031,0.8753533608197221,1.0,0.0032039792013901,357
goss,0.8551363097894428,+,0.28017907792337143,5,98,0.6122141739502679,0.04034425528263136,1.0,0.0032084932420174,85
dart,0.9452486312546035,+,0.24597950184279116,5,53,0.7507346941603323,0.650964086089968,0.5670825975937359,0.0032091219257236,353
goss,0.9092202964799118,+,0.46700360182846545,5,90,0.7244303873234815,0.5479947373069578,1.0,0.0032094803210367,312
goss,0.999978312021648,+,0.2674599514706774,5,75,0.6683366187875284,0.6336644342531363,1.0,0.0032097328003377,179
goss,0.9995561935114069,+,0.4416724005747392,5,59,0.8004847042957509,0.48706023675849475,1.0,0.0032102116139558,330
dart,0.6659546441301049,+,0.5683781966304068,5,80,0.7929451766753998,0.95660885460583,0.678689693562328,0.0032103481316734,497
dart,0.9842940668204432,+,0.3085930612767011,5,33,0.8209518565183842,0.5025014592796055,0.7412867570410943,0.0032118327021558,310
dart,0.9910043589856525,+,0.8041306243416596,5,30,0.9771275878901867,0.8030581230546849,0.6830440405669772,0.0032119897696892,253
goss,0.9189994517611668,+,0.3533871654776518,5,61,0.5101029331986948,0.08055264699751688,1.0,0.0032127719284291,87
dart,0.9467452591921611,+,0.8320131699797401,5,77,0.2173489220477849,0.3642597866530548,0.5814034857448795,0.0032130848191379,297
goss,0.8970935593975541,+,0.1391699348529775,5,90,0.513790409906758,0.30755330239654843,1.0,0.0032135190836205,150
dart,0.9991065352622696,+,0.28717124233810676,5,75,0.537005348008402,0.33082730507225017,0.8206992701780347,0.0032146277914862,361
goss,0.9345139708369526,+,0.14204250949686606,5,47,0.47205508492010656,0.7506243120762837,1.0,0.0032157061943233,397
gbdt,0.8791945421106726,+,0.30529030842930044,5,68,0.9046565774222287,0.0009057520530795227,0.9393990605171543,0.0032159380138402,451
dart,0.9880912196311448,+,0.8183906412953718,5,95,0.8083421498967335,0.18234936270785235,0.5417161783135505,0.0032164040106795,131
dart,0.9756900434445293,+,0.339400173787669,5,61,0.9531460570653614,0.427914072821106,0.5584846697582806,0.0032177346985743,480
goss,0.8334677414288417,+,0.3314175325045992,5,83,0.6866126123632417,0.025947678889796606,1.0,0.0032183872038501,149
dart,0.9013395745485119,+,0.856786826207925,5,86,0.7251797934338008,0.8392154148729135,0.7013407839966527,0.0032187469140924,493
dart,0.8720728797685371,+,0.6591794505043356,5,65,0.8128525206677476,0.9989980733085464,0.5017742832130028,0.0032187681991615,238
goss,0.8314657344913539,+,0.3231192525247023,5,66,0.8178300196637514,0.003630307254743226,1.0,0.0032197413661437,11
goss,0.9595990337800995,+,0.12668425442759834,5,60,0.4367761223947366,0.38456708347684754,1.0,0.003220015459298,301
gbdt,0.9429507341705273,+,0.4086186314973402,5,53,0.4044601562841826,0.31660304764998254,0.8678571244553875,0.0032214450469952,292
dart,0.8994743306907715,+,0.24440327206389983,5,92,0.4583134106670855,0.7595806011599461,0.5598197662155555,0.0032225919447709,321
dart,0.9996577513626179,+,0.24774674110971664,5,58,0.9295232409862891,0.5611653442498106,0.6398544414950276,0.0032231969471969,395
goss,0.9899634229091548,+,0.12684646624464474,5,74,0.4902965006300576,0.19638264244087317,1.0,0.0032240411288331,154
dart,0.7561011662341612,+,0.35601955297930277,5,78,0.8996079617163528,0.5444156384134524,0.5003668243136503,0.0032251646112891,61
gbdt,0.8857509849496649,+,0.1304194629153479,5,76,0.48711603773870027,0.35680141315228675,0.9200322824967988,0.0032257727340273,327
gbdt,0.8640130112285975,+,0.4307709055633836,5,45,0.817849006841152,0.9859124254976463,0.7559567965545346,0.0032277826079479,430
goss,0.9982369413190737,+,0.11559237418014535,5,70,0.5515861149913597,0.4660501214282051,1.0,0.0032279088718127,174
gbdt,0.9727154713939551,+,0.30466451027745234,5,89,0.4966757703927259,0.8965791429356287,0.9677264700683651,0.0032300458489528,213
dart,0.9528329463913205,+,0.2950251920680264,5,40,0.7774884664531384,0.5253584056501379,0.7795057330431954,0.0032311214387356,326
goss,0.7465272904940354,+,0.23671820358782988,5,85,0.6197703153421887,0.9280359131649162,1.0,0.0032326590654075,120
dart,0.9917307002085766,+,0.7014009435632419,5,80,0.9997234264659195,0.20720792926704795,0.5696990169789694,0.0032341758020137,470
dart,0.8800845328925126,+,0.47545792676234155,5,72,0.7215564908766174,0.9945117401863719,0.7058639573285327,0.0032348268370322,244
dart,0.8936536125833275,+,0.24970098758379014,5,99,0.7967820111897377,0.8516676888508158,0.5476404365912109,0.0032386471025033,189
dart,0.9730652004305498,+,0.8623564226757024,5,66,0.9322768533178726,0.22601315618649648,0.8754743789968975,0.0032401809078054,96
goss,0.924580658597254,+,0.25715934808550484,5,83,0.7197785582519296,0.30160880546142227,1.0,0.0032406122268451,74
dart,0.9607266871374075,+,0.2642905726341955,5,54,0.1741686730828739,0.5331813039148001,0.7345210056530184,0.003241005240274,281
goss,0.9059466321882357,+,0.33593669621989314,5,48,0.705838651877468,0.8079540673358967,1.0,0.0032416395418478,335
gbdt,0.901364633546687,+,0.249762736429991,5,93,0.1771856171436974,0.06691205380205821,0.9332371491927167,0.0032420227362052,37
gbdt,0.8970949288043845,+,0.5288697941871223,5,35,0.39959420993614764,0.5149397233152497,0.8634679029845023,0.0032426600011675,380
dart,0.8136186801445663,+,0.7443824909301002,5,43,0.7456555678776957,0.9011408625086155,0.9985460100248024,0.0032434783886881,443
gbdt,0.9305265109449729,+,0.2561327535962805,5,33,0.9600793170662181,0.7508311888092429,0.5998993370676757,0.0032451452559004,230
dart,0.8892784531788303,+,0.9938479219524318,5,39,0.866396281945816,0.5517924234530571,0.6584458308785729,0.0032469207752994,499
gbdt,0.9822382452973945,+,0.10534649759261867,5,89,0.9051014307220132,0.9256669292951065,0.5259952881451805,0.0032480083317455,214
dart,0.9686722034056262,+,0.25010874999990357,5,89,0.7497951434176788,0.7379103261110753,0.613490201251298,0.0032485434531847,266
dart,0.9624525136679933,+,0.8108645135745357,5,32,0.7107774880051709,0.48668814253855575,0.7335958993904348,0.0032486202861311,489
goss,0.8238871000688166,+,0.18811175759246657,5,65,0.6503907327412253,0.04933321125071144,1.0,0.0032486275799339,161
goss,0.9801982400524412,+,0.10875902444091613,5,54,0.24769737302807548,0.20808282070029382,1.0,0.0032487256903497,128
goss,0.9172508967347214,+,0.5360344505512968,5,93,0.2456753409563875,0.45649471462409613,1.0,0.0032489641703592,349
goss,0.8126220585616377,+,0.16203107580441523,5,64,0.7711021855362425,0.21671642633968533,1.0,0.0032500892535347,172
goss,0.9594187679614412,+,0.12169535180751298,5,75,0.5337736791056795,0.6068617116046572,1.0,0.0032514440759573,399
goss,0.9504225022093868,+,0.13469380707941161,5,40,0.6764139304672461,0.06815930841090631,1.0,0.0032520150867979,411
goss,0.9887046029811108,+,0.11486120689811403,5,60,0.9731837549492611,0.3181444957471273,1.0,0.0032522989610536,69
goss,0.9292049084142844,+,0.12405860674735573,5,80,0.43181071099417634,0.3573732585719849,1.0,0.0032555712311722,168
dart,0.8886934868299854,+,0.23975425232084235,5,39,0.28486041629842834,0.4873317284609764,0.7217979211400697,0.0032583889893492,204
gbdt,0.9083005558061223,+,0.53487934931967,5,70,0.883315277380862,0.8373883555532842,0.6725448375132252,0.0032590653318452,3
gbdt,0.9093689390178382,+,0.28549993282851027,5,48,0.5466571291358786,0.9327636123635371,0.625631471801382,0.0032603796767206,260
goss,0.9303512955641401,+,0.4392062683282305,5,71,0.5314595350385412,0.14776598387945616,1.0,0.0032627638364935,415
dart,0.9540219175583854,+,0.8414946778424103,5,80,0.8479405769944421,0.09693040817023901,0.6076356647013675,0.0032664888139444,473
goss,0.828920483039082,+,0.5484684716737789,5,95,0.6742296025230639,0.17115109446765697,1.0,0.0032666395118431,50
dart,0.8559977323109595,+,0.2425428862766285,5,74,0.6786407750054473,0.3662798162315387,0.9336245602276335,0.0032668902764189,461
dart,0.6389983653861535,+,0.3888539830287766,5,30,0.9209817283659104,0.6370340314241265,0.6308684032130806,0.0032697774923097,15
goss,0.8960133321970434,+,0.41104215243259884,5,53,0.46575944924047075,0.15081847000623783,1.0,0.003270481854936,83
goss,0.8161101625308799,+,0.18591599690951316,5,56,0.8877194891832961,0.4770734681130664,1.0,0.0032709812942179,78
goss,0.9667762627099326,+,0.3598651972602165,5,65,0.35409583753229884,0.8421013671045038,1.0,0.0032711461779907,351
dart,0.922487782690914,+,0.21909253709989987,5,70,0.6102298259633324,0.5417636863551443,0.7704076272895686,0.0032711906639169,258
goss,0.9828730727387907,+,0.10138409388071051,5,37,0.7706071740997522,0.2581747573980784,1.0,0.003271224954001,48
goss,0.9167450610776021,+,0.12679963377159634,5,49,0.4560961086034853,0.25978709508909953,1.0,0.0032714057151688,136
goss,0.9998858841045352,+,0.10487234730057837,5,96,0.31094099248192963,0.772576234880008,1.0,0.0032719174918703,341
dart,0.9481340749636339,+,0.23424951182414788,5,75,0.8416797984331124,0.1647634690188896,0.8141347207697358,0.0032724492571641,42
gbdt,0.8890757124896853,+,0.4416190381384952,5,97,0.06489748605256468,0.03203990091879612,0.8049990838168074,0.0032728556650254,54
gbdt,0.9356960013525594,+,0.3607070330707323,5,35,0.5153128038624807,0.9004944348170096,0.5385189183794141,0.0032733301855653,311
goss,0.9128142210240608,+,0.4192597651309835,5,57,0.9837527864219531,0.558217068849242,1.0,0.00327377304927,119
gbdt,0.9929590561974457,+,0.43970748002129045,5,36,0.8821609161388841,0.7815074727920434,0.6804749183783172,0.0032739474768779,300
goss,0.9423137412982958,+,0.3949553650183562,5,93,0.6631393542350904,0.5832333127434889,1.0,0.0032757383816276,434
gbdt,0.9243811651535903,+,0.33061994180134857,5,94,0.8679029786055158,0.44528502631028477,0.781799034859361,0.0032757859550862,180
dart,0.9375561591828133,+,0.23945828179559003,5,66,0.6009750857936432,0.9609657989972524,0.815703760745265,0.0032768232956756,262
goss,0.8547512369268545,+,0.12114924166866603,5,95,0.5613798370564813,0.9160552750237008,1.0,0.0032774892122477,270
goss,0.9215766148123079,+,0.11393877230370414,5,90,0.5568316021115618,0.25312686687540364,1.0,0.0032777340937159,466
dart,0.9429254556737217,+,0.8854109851901416,5,52,0.7841244312942286,0.6118232046322712,0.8270022265308474,0.0032813943603798,231
gbdt,0.6968736088014279,+,0.23372685419234732,5,87,0.464425502281103,0.6843712598881673,0.7453323654685042,0.003282284700842,303
goss,0.6048546994944013,+,0.22251386420941893,5,67,0.6977609413562462,0.504398129844263,1.0,0.0032823253887747,108
dart,0.9997793567083194,+,0.9013267206922626,5,75,0.939618305106964,0.8603855392932658,0.7900119428477456,0.0032837105404537,255
dart,0.83983473241866,+,0.8710870397528028,5,57,0.5698404921260725,0.7670259019374255,0.6642424534222537,0.0032842066311538,187
dart,0.9223843100563633,+,0.9873490585954852,5,31,0.6916630519836067,0.8648110435185322,0.5650958260037178,0.0032846061277792,239
goss,0.8293402180956801,+,0.30368256453943293,5,91,0.5538073486797389,0.4389882431655284,1.0,0.0032853015899152,378
dart,0.9515927789692193,+,0.21604856202798767,5,90,0.6331157466708714,0.46408975114442175,0.5199060327255465,0.0032872088270421,390
goss,0.7598628314922165,+,0.1404980526009497,5,86,0.14955060205331816,0.5377460999050394,1.0,0.0032880438332512,176
goss,0.9788165205966088,+,0.39456385137662064,5,85,0.9147470927364776,0.5463432019619772,1.0,0.0032893750889529,359
goss,0.9694713346967369,+,0.520969338414651,5,39,0.4025668203668362,0.6821630958606129,1.0,0.003289868761803,282
dart,0.8041791301167572,+,0.21841490395114577,5,74,0.06031103534496296,0.9408659188842082,0.8873377493101603,0.0032909455703692,229
goss,0.7876375116988101,+,0.3774675309927121,5,58,0.7783127690511112,0.24173385272337383,1.0,0.0032957061771951,159
gbdt,0.951041190168019,+,0.10854158136334166,5,67,0.6278450015952528,0.4649364156621525,0.5270250901434211,0.0032958050893564,271
goss,0.6002634820804889,+,0.17037662814418503,5,44,0.6142031644637744,0.5526191633780648,1.0,0.0032964831628459,441
goss,0.9814063211620461,+,0.09338772071999847,5,62,0.5377309221395311,0.7649981738018159,1.0,0.0032973737925937,104
goss,0.948726278414231,+,0.11001035780424503,5,89,0.6294547596782865,0.37798026074765284,1.0,0.0032976063657562,156
goss,0.8949474252909254,+,0.39856498014140973,5,64,0.6423894377142336,0.8855353949411278,1.0,0.0032979383870889,261
dart,0.9172288917434124,+,0.9294776177281822,5,70,0.893433132866359,0.1547893211767743,0.6810159387515728,0.0032984659285605,484
gbdt,0.9973782915304689,+,0.08878451677077151,5,39,0.9432334494685837,0.24544809123907468,0.9992062776790568,0.0032989338721008,41
goss,0.9334935111824723,+,0.5465636306297589,5,75,0.6360593800315015,0.6837304986266303,1.0,0.0032991389844837,429
goss,0.9078991432630147,+,0.6019460904190732,5,41,0.41710108676859703,0.6730937934540374,1.0,0.0032995784668586,375
goss,0.9660767844888914,+,0.35820678872957046,5,61,0.6048552517059125,0.2802231879581384,1.0,0.0033025940961448,166
goss,0.9375816186836564,+,0.5714708621919872,5,50,0.3746458292813142,0.24011095949924527,1.0,0.0033031654170585,145
goss,0.9307855877037647,+,0.10210733697413517,5,99,0.4723534473479424,0.22499009414688054,1.0,0.0033036210081194,36
gbdt,0.9766882209451686,+,0.48773017706000693,5,53,0.8292724444472651,0.6208038124864655,0.5003507079520381,0.003303669727408,203
gbdt,0.9161015928497533,+,0.3186828090912368,5,96,0.5046694686132682,0.6007988514319761,0.5740571358452298,0.0033038522776736,267
goss,0.9535859450547683,+,0.10676466437035308,5,84,0.38621708747925565,0.09053757250789835,1.0,0.0033060234623641,100
goss,0.8848658593273997,+,0.32797848435174987,5,48,0.6052702089688667,0.9980412557736855,1.0,0.0033063669148544,414
gbdt,0.7489565040146552,+,0.1866822621088116,5,88,0.39650626734699684,0.7127990126553363,0.7884040022850854,0.0033064063345475,223
goss,0.844123456999967,+,0.4594966736383557,5,54,0.029357458469793707,0.44955415281621786,1.0,0.0033080767581709,40
gbdt,0.8132927445547748,+,0.11524346733878876,5,47,0.8399107556757288,0.6144306000501341,0.7807820886435209,0.0033081758054681,319
dart,0.9039242117992536,+,0.208734411750087,5,36,0.2686879719774308,0.36774426420764306,0.6963165832670809,0.0033087682647302,137
goss,0.7515263416958224,+,0.3706990298563995,5,55,0.9977528237430224,0.5759134960810548,1.0,0.0033104499789398,370
goss,0.6885511539118332,+,0.21727521057608912,5,49,0.6557158045203663,0.6124613653931068,1.0,0.0033111445415122,454
goss,0.896459846738258,+,0.10489388561946209,5,41,0.40927330657088407,0.6742094419362598,1.0,0.0033133991621413,450
dart,0.7220030751612152,+,0.9989981397586208,5,81,0.6237126998546735,0.3742585283655957,0.8469138877128122,0.0033143531883229,371
gbdt,0.9452610889525399,+,0.09131122384980628,5,36,0.1995503704186975,0.9946365505893022,0.7081396882113211,0.0033159992385923,216
goss,0.8558808245947854,+,0.2458262856007547,5,86,0.629486212028325,0.6631527148472341,1.0,0.0033165032623293,410
goss,0.8486803685449499,+,0.4816846656534963,5,96,0.5956852110588325,0.9185691131214274,1.0,0.0033173357057844,424
goss,0.8948414084790417,+,0.2035436852388683,5,84,0.6442237206125245,0.06050458353571908,1.0,0.0033176125023191,405
goss,0.8793723310548183,+,0.11189079126893457,5,64,0.5189467290694716,0.0899245970138205,1.0,0.0033186649478932,421
dart,0.8877505702629412,+,0.20721400388146025,5,40,0.3584815225733641,0.8791358871980453,0.6816015479755677,0.0033205140582351,12
dart,0.9491778842613099,+,0.9857519727123825,5,30,0.767271528224914,0.7258249413542844,0.6404450715858808,0.003322316057265,488
gbdt,0.9983526981500509,+,0.08608817492584582,5,51,0.982031110825172,0.16444761130700558,0.9911911057101106,0.0033257882248102,26
goss,0.999361676327947,+,0.5645051800022393,5,52,0.29908495591396766,0.29900980912558234,1.0,0.0033259477538135,391
goss,0.6112268030651807,+,0.227282192555342,5,37,0.34911614251919987,0.415550407606571,1.0,0.003329019456071,288
goss,0.999427714421684,+,0.0890537364084313,5,60,0.9310560030815062,0.20014747092017043,1.0,0.0033290216981406,70
gbdt,0.9594919243230174,+,0.5258903883387234,5,95,0.9867617338329018,0.9722236367394846,0.564931983664097,0.0033291158826935,212
dart,0.9194808901231755,+,0.20883901014155085,5,50,0.3919542006424124,0.5563913403850506,0.6726717597125884,0.0033293057624593,302
goss,0.9941668065752609,+,0.6813379978979186,5,83,0.601686125970047,0.28336404898565487,1.0,0.0033324861815104,386
gbdt,0.8729239801492794,+,0.5086715516976571,5,38,0.6400100015740248,0.583369285641829,0.663374599087876,0.0033336706430798,16
goss,0.8711572567635448,+,0.5921582760943208,5,97,0.6970039788551591,0.27320444923372544,1.0,0.0033342302064062,448
goss,0.9435223763120453,+,0.09408473820044438,5,88,0.3925070134434822,0.494532906408023,1.0,0.0033349125167642,139
gbdt,0.8218621556876236,+,0.48376787736568105,5,34,0.4405086187530434,0.1872118595329531,0.9979661652238062,0.0033353983149712,396
goss,0.770005692539796,+,0.1581140646650679,5,94,0.4876069750230143,0.07454705148256291,1.0,0.003336332391682,28
dart,0.7758013895681701,+,0.25012506480121227,5,46,0.26166861786243645,0.6637074138831167,0.6000240356341808,0.0033383702169945,291
goss,0.8766272652092566,+,0.4105087079389808,5,31,0.18416050783790427,0.4012177843725562,1.0,0.0033436114987089,314
goss,0.951194595216624,+,0.6801232788247251,5,74,0.27458938641859265,0.5974676166301494,1.0,0.0033437412778428,306
goss,0.9714569779084641,+,0.5571563241264175,5,43,0.30245089530949754,0.3384279249394558,1.0,0.0033461039037541,290
dart,0.8988484926048956,+,0.9606163133973261,5,67,0.8518420446509454,0.6480149126886735,0.5201382308545198,0.0033469288914025,193
gbdt,0.9891963292770202,+,0.5003765669722378,5,55,0.529161403451775,0.505791815887932,0.7521886528980947,0.0033474125608498,226
dart,0.9466717506072274,+,0.1953191080312675,5,89,0.5800379315991856,0.6362061030110179,0.6610263272013712,0.0033474837529752,259
gbdt,0.8685067435593029,+,0.10522903888848041,5,89,0.8334378933258153,0.6478641441071784,0.8286554534597902,0.003349890968734,384
gbdt,0.6672223431372657,+,0.38384697342895013,5,97,0.5545006164786149,0.8939900783394463,0.5872460275782974,0.0033501201536689,215
goss,0.7264948396338119,+,0.3825560984692623,5,86,0.844867657444814,0.4035607793737991,1.0,0.003351695404879,97
gbdt,0.9782936862935895,+,0.6307290155625238,5,60,0.6425588561356537,0.872282645488258,0.6608707271383313,0.0033581389977666,224
goss,0.7106389543295801,+,0.1168853359910627,5,34,0.7499478269945439,0.180010575412312,1.0,0.0033618046238915,88
goss,0.7187966970515929,+,0.1604763102583414,5,87,0.6227466243605757,0.3382950137551017,1.0,0.0033621257851148,43
goss,0.741294999263353,+,0.49687499538849156,5,94,0.8785037830857717,0.5831186791799655,1.0,0.0033630211038194,102
gbdt,0.660088915717012,+,0.2662413750796748,5,80,0.6516053291751301,0.9513630633337674,0.9582626584177872,0.0033635695902187,52
gbdt,0.980153623686466,+,0.6066454768825801,5,85,0.283809367297302,0.39537025768846135,0.9362301084518334,0.0033716000259628,279
goss,0.9989960489198066,+,0.6857816063591309,5,85,0.9893169547003199,0.3457593332770386,1.0,0.00337405297189,34
goss,0.7544283029894612,+,0.11712225751006251,5,98,0.3072581638887394,0.8814784176329411,1.0,0.0033755824418677,13
dart,0.9670270135593497,+,0.20221493739801788,5,45,0.45673459604257893,0.7890051300549386,0.6865314037077408,0.0033766391647956,199
goss,0.7676023477338111,+,0.4496766219235229,5,69,0.5761633644151039,0.25698159187767255,1.0,0.0033778571266145,86
gbdt,0.9863029721806207,+,0.5714637979168337,5,89,0.7604368510396431,0.9824628560123028,0.652563865497369,0.003378010799523,210
dart,0.8356917491786793,+,0.18974722980046327,5,91,0.6264668075915472,0.5050073461961095,0.5012359282038241,0.0033806296042632,449
goss,0.8576434379549125,+,0.09950296271166939,5,47,0.4728038644405591,0.3275714841102636,1.0,0.0033851939900024,163
goss,0.9690314462584367,+,0.4990591640372258,5,81,0.5377537350156193,0.437274609286781,1.0,0.0033867712890781,298
goss,0.9571442962734222,+,0.633618463833275,5,73,0.3595379526413193,0.4917969124406307,1.0,0.0033871357952266,432
gbdt,0.9714715140160295,+,0.0808002907349421,5,80,0.30983091514542715,0.22923416070223185,0.6909402458334415,0.0033881782844065,133
dart,0.9740184454170431,+,0.1981616527344686,5,51,0.9695585163056734,0.9297174378056936,0.6569876683066346,0.0033943544824324,329
gbdt,0.8847278458919408,+,0.0955380050509139,5,78,0.6895890816932984,0.2528114117425141,0.6333929385867739,0.0033960036164195,376
dart,0.7602409952766509,+,0.9853322415954816,5,61,0.6596711855184862,0.7854750863001143,0.5952811491518386,0.0033978905545123,247
gbdt,0.6420135946155358,+,0.3136788276511761,5,58,0.599567690980777,0.4574560023689531,0.5007590627996762,0.003398390739795,232
dart,0.7816148813027765,+,0.20688208111674097,5,45,0.9827913921801794,0.9566609058402268,0.5911858731998034,0.0034036705372794,347
goss,0.6517095629491181,+,0.2714811889626811,5,75,0.653788630750228,0.6575736654114525,1.0,0.0034039229215042,109
goss,0.9138632376613538,+,0.5160371858028597,5,61,0.40591188425925656,0.26805922336635424,1.0,0.0034053391976925,322
dart,0.9441772557040926,+,0.18105723067414647,5,82,0.9440014165242262,0.5473385037953681,0.9049889051684151,0.0034059341877105,202
goss,0.8379390142637919,+,0.10020144206892898,5,52,0.6856823259390117,0.22544491046303658,1.0,0.003406192721882,79
gbdt,0.9736822891902207,+,0.08351923309229539,5,56,0.22824471235834187,0.5741692534540168,0.6996345864439303,0.0034101049302064,234
goss,0.9422718707639052,+,0.571138475776034,5,66,0.5222834061585595,0.29986709041382914,1.0,0.0034104037859664,333
goss,0.8469507504480254,+,0.4535213746183512,5,35,0.44022877498046625,0.21400857313330013,1.0,0.0034111600849436,148
dart,0.985217286504252,+,0.1888714392773267,5,88,0.11283823210388982,0.7022857025260756,0.6471544347208991,0.003412305702518,294
goss,0.676521198888758,+,0.3822242446032437,5,75,0.41624454677419404,0.8566981988379785,1.0,0.0034135612692454,328
gbdt,0.9921377270985596,+,0.6235817704668497,5,75,0.4336103393084388,0.5835679297926548,0.6463276645527994,0.0034160941553685,287
goss,0.8409882373570574,+,0.08649346004669868,5,40,0.7312986565645923,0.316418662840363,1.0,0.003422393686885,94
dart,0.7943462614420517,+,0.17938641887770485,5,65,0.9018771703135742,0.7155054131769758,0.8709065803493138,0.0034246361411401,318
dart,0.984975674565709,+,0.1749924024144574,5,35,0.1384162450074869,0.47971858275382595,0.7509720251708843,0.0034259359402678,235
gbdt,0.9063165098583159,+,0.08669404883783796,5,63,0.5779775832402253,0.34308216876896647,0.5613796445706719,0.0034298545555516,456
dart,0.9541628255180881,+,0.17178181821084693,5,96,0.5563257022020682,0.2957196387120737,0.9943473388056387,0.0034301139555551,21
dart,0.991804290439407,+,0.18113320496654992,5,87,0.9532489075162388,0.8146355117028385,0.6267689716521356,0.0034310444158682,369
goss,0.6002923298935547,+,0.14152872445063963,5,49,0.9107380116855512,0.5018282241281988,1.0,0.0034330388221898,53
goss,0.9683989784352293,+,0.08044642673251573,5,50,0.522590309927504,0.9718367027211647,1.0,0.0034381218689681,381
goss,0.9061250175302152,+,0.6949335745697239,5,42,0.7940091871573248,0.6962634631828171,1.0,0.003440107738274,112
dart,0.7764537255016462,+,0.1975458929297141,5,40,0.5922321277880713,0.06595297214301331,0.9062601339572155,0.0034409288542883,177
gbdt,0.7836525698754669,+,0.40232560001673423,5,57,0.8368893615448091,0.4635324765070919,0.5775927801415162,0.0034470569078646,35
goss,0.6405419285169142,+,0.5262908595349107,5,35,0.8295656551002868,0.5358122788094685,1.0,0.0034500128588739,462
goss,0.944241587320363,+,0.07506974413622264,5,31,0.861995676023784,0.2432182801149036,1.0,0.0034501555937453,107
goss,0.8924943531455879,+,0.7603130358589171,5,55,0.34203031454445587,0.7974205239142662,1.0,0.0034510616985352,304
goss,0.956979516129139,+,0.07008246662508258,5,81,0.3492012671313034,0.4029069528621702,1.0,0.0034524369426618,138
goss,0.9695071911324595,+,0.07004314899523038,5,31,0.759730777536977,0.21384338816176257,1.0,0.0034550144790457,31
dart,0.9983349147093891,+,0.16784746632057623,5,91,0.9547976440354544,0.9999918510355464,0.7167142448225491,0.0034589365960474,307
gbdt,0.8052085436260131,+,0.6853696703954627,5,82,0.868914426843728,0.7125659634265658,0.9829340221337037,0.0034622160639988,356
goss,0.960391915234685,+,0.6366081275244211,5,89,0.29530219864135315,0.26708540324715435,1.0,0.0034652032801512,157
gbdt,0.9110938524982946,+,0.8018268528482765,5,44,0.9510885181933234,0.10393661669646671,0.5986343752769765,0.003470128500434,44
gbdt,0.9176187107451782,+,0.07551906125807345,5,68,0.7370257440181659,0.2740068250131112,0.7255754312567182,0.0034708962962101,59
gbdt,0.9989876438763947,+,0.8000463867055856,5,75,0.6195651246252517,0.8321983748710449,0.7439937305479609,0.0034763507758316,217
dart,0.8981920216848274,+,0.1552569263537142,5,78,0.34603389841126064,0.8167110266670163,0.9250969583624133,0.0034819590740097,233
goss,0.9752435999167509,+,0.47093741402279526,5,72,0.8384581069992388,0.00026296909590656226,1.0,0.0034906199053902,171
gbdt,0.7347677260958193,+,0.6373293248381516,5,30,0.5619656209078254,0.3199659190151339,0.5557661392170318,0.0034917308477538,324
goss,0.6555413675924475,+,0.4415893064273979,5,77,0.1590224170140654,0.6110931144955336,1.0,0.0034956633827323,362
goss,0.9336505336068908,+,0.6655206861600761,5,98,0.7833673163070438,0.018413312154295258,1.0,0.0035052057219657,91
dart,0.8459340335268104,+,0.14949437396214205,5,93,0.7199498860551876,0.6755513085248733,0.7449927002795226,0.0035107577699879,198
gbdt,0.8804780405562109,+,0.7345306336638013,5,46,0.4209294490980721,0.4295089422134987,0.6152712668665367,0.0035141134444151,127
dart,0.7349909522115362,+,0.18235901446255615,5,77,0.4152746816168783,0.6592722688161294,0.5073176170397448,0.0035189172834471,51
dart,0.6963110190648626,+,0.1714186774729596,5,31,0.6220969478132032,0.6001115095330831,0.8277161239275215,0.003533336729749,192
dart,0.8657143438080613,+,0.14759500366042533,5,73,0.8082628145367379,0.8255725523970924,0.7553553259394339,0.0035377691299259,274
gbdt,0.9131399012624981,+,0.06447081566136229,5,32,0.6750875199008813,0.9346087662666035,0.6970160912554538,0.0035421575608404,392
goss,0.6231141359424373,+,0.0985036078758312,5,51,0.4108903886014687,0.1413169551193089,1.0,0.0035439619359699,182
dart,0.9141121925974202,+,0.15424545888213742,5,36,0.47096077836925526,0.7859795462899412,0.5779687147812134,0.0035478324022321,366
dart,0.9925752811039064,+,0.15773488605644756,5,94,0.9340615752415607,0.9179280867473035,0.8315551047727511,0.0035512435527694,339
dart,0.8895120201388287,+,0.14638910106172268,5,53,0.4806782501465223,0.944477781489337,0.5985026233692909,0.0035532126874974,435
dart,0.7625883908767355,+,0.1574023823635878,5,55,0.33996049323771543,0.4534391598188161,0.8038178517130863,0.0035641286301363,452
goss,0.6845338300680234,+,0.6033597212529462,5,88,0.7996083931418684,0.38085277323854005,1.0,0.0035679718727991,63
gbdt,0.8686944453762729,+,0.0653970122018853,5,63,0.2160422040746462,0.8042149466569808,0.878694504617886,0.0035798544896076,62
gbdt,0.6784223065879075,+,0.5346754498771379,5,79,0.7351966693748613,0.01644537722317485,0.5124127888195447,0.0035865149139628,121
goss,0.9641477764054732,+,0.0618627316081549,5,45,0.400053886963135,0.11737086206165902,1.0,0.0035886373720366,38
goss,0.9766978524295901,+,0.8554752431127115,5,70,0.6946896343853821,0.28813841028148135,1.0,0.0035951612594997,19
gbdt,0.8677932061858472,+,0.8366549391116154,5,73,0.2913911433856308,0.5102006126878945,0.5083331376559785,0.003599602745401,348
goss,0.7996819129346662,+,0.07326407662753161,5,84,0.5256606035703277,0.03441795896687677,1.0,0.0036011815031957,175
goss,0.8660245179884979,+,0.06075824679677304,5,59,0.3286181401177825,0.49059914203844,1.0,0.0036104488830576,169
gbdt,0.6845657149096784,+,0.07767879332694827,5,76,0.7006214446213659,0.9554779863099281,0.6905323823987464,0.0036188036257777,10
goss,0.857802622242184,+,0.06005974093490921,5,38,0.5763077253110763,0.3451788601818319,1.0,0.0036247416867051,343
goss,0.9749927928464893,+,0.057075097387173805,5,92,0.9174746360352591,0.37097881302575325,1.0,0.0036327394570373,73
goss,0.6343886177321305,+,0.07915743791564894,5,65,0.7808981521158491,0.33872440674683046,1.0,0.0036359282702008,76
dart,0.9319225994300584,+,0.13650007926329083,5,71,0.8934501499068934,0.15805411471561837,0.5735070608202602,0.0036392469188507,110
gbdt,0.9749573044956091,+,0.572686342513427,5,78,0.3634572427260345,0.9462890076320303,0.5920801302158322,0.0036403644548723,308
gbdt,0.6247952306507885,+,0.08664356968563862,5,71,0.659555676645834,0.3822099605977356,0.619939772231743,0.003663835162636,340
dart,0.7677834134534798,+,0.149895883738668,5,82,0.9225800783604843,0.2618422293548731,0.9335363164855516,0.0036678814839966,117
dart,0.790054908936708,+,0.1353970229752182,5,79,0.4790739079399865,0.6364867269975172,0.8047133695577086,0.0036794082600962,197
goss,0.966640536355121,+,0.05773817021670357,5,48,0.9528069007182025,0.20214446018077867,1.0,0.0036853910450771,106
goss,0.9255678202946328,+,0.8986871179766577,5,80,0.3408385569474212,0.3544315222527247,1.0,0.0036881275767352,389
goss,0.928582161289721,+,0.055905022917312065,5,60,0.8655263484913119,0.5685642150986231,1.0,0.0036989741181151,457
dart,0.9542466200347562,+,0.12943091857015665,5,60,0.5750992554483337,0.6972123736731629,0.9165376412041766,0.0037071588908518,374
gbdt,0.8075096351880713,+,0.9385288887838636,5,73,0.7536174281318483,0.33155909024851205,0.8540770806517711,0.0037155289322802,115
goss,0.8738874610834017,+,0.05308696508170137,5,37,0.9422944771440211,0.38747742226814497,1.0,0.0037484968102567,118
gbdt,0.7108039189169867,+,0.717641621192048,5,83,0.8351059426132716,0.6639230865622996,0.8214704708599397,0.0037726691081768,236
dart,0.9018246075980834,+,0.12393745017042455,5,85,0.49655307287177597,0.7809851865426337,0.8636888739520762,0.0037918047855082,431
gbdt,0.8497230493225976,+,0.05169579167867394,5,62,0.8019178685492738,0.29551199368737413,0.5163722681296754,0.0037963439159544,29
goss,0.9586321438198316,+,0.7531870019587755,5,55,0.5368836473781948,0.41792277919177123,1.0,0.003800039920171,60
goss,0.9290300106115934,+,0.8999594668686346,5,72,0.14534982892235893,0.8330344371707145,1.0,0.0038209798499996,325
gbdt,0.6204538214708207,+,0.9306823890354183,5,59,0.9200092264373162,0.5434030676903124,0.6620299911421867,0.0038220881228938,9
goss,0.94563568519716,+,0.04874179872703782,5,35,0.9479895500603854,0.06749447268759629,1.0,0.0038233763139757,77
dart,0.7161243308909743,+,0.1371362153042992,5,42,0.28711376098356167,0.15628947427250808,0.8353778039196461,0.0038235659228673,33
gbdt,0.8190763257010318,+,0.05208926180762216,5,54,0.5146698873151527,0.4391273692699036,0.8385005630677268,0.0038303755249123,200
dart,0.6990030025200054,+,0.12453808720084032,5,70,0.9966227952721005,0.06440148673485618,0.7249568991733906,0.0038482121263992,101
gbdt,0.7870970115010042,+,0.9931166378660949,5,46,0.24955688820566735,0.5738940694641715,0.8844484038691676,0.0038529637027058,49
dart,0.9405779034184252,+,0.11529695355851054,5,36,0.7993278021697108,0.1890751402014039,0.7335224847019299,0.0038569844169203,56
gbdt,0.9474141228327405,+,0.047470937518933574,5,30,0.702449382724615,0.3075638842945937,0.7146622259180719,0.0038669847786074,173
dart,0.9521014617822109,+,0.11814530424592994,5,37,0.6624509383565012,0.34889070676873923,0.5872647839321284,0.0038696959735489,208
dart,0.9652228245061886,+,0.11633014975749897,5,46,0.6652189794569945,0.40548659467505765,0.6067442924016108,0.0039182839742624,363
gbdt,0.9084842543688764,+,0.0456982025087471,5,79,0.7511220228230431,0.005948236266700407,0.8376634391382769,0.0039511263360897,39
goss,0.9260548155180266,+,0.9938115974640072,5,69,0.5467612467709165,0.4750150159797172,1.0,0.003975077806097,317
gbdt,0.8045605546606369,+,0.04354060928873476,5,32,0.8326320323149597,0.45470105222137214,0.847965681173882,0.0040442276523554,1
gbdt,0.9229574454783518,+,0.041687212921365326,5,88,0.44789633533149453,0.9445412603295189,0.9023218573789027,0.0040633548095937,372
dart,0.8235948802726423,+,0.09642377986053047,5,49,0.4225740058405782,0.735121714617786,0.5341311607155064,0.0041142802988063,305
goss,0.779597513086912,+,0.04190358087182158,5,30,0.9107773534543813,0.852470539595437,1.0,0.0041583832106956,98
goss,0.9826316868844813,+,0.03925099010152565,5,48,0.268988492627808,0.2589547353058503,1.0,0.0041609436424637,178
gbdt,0.9360481298722366,+,0.038667066738295126,5,50,0.11938993339275822,0.9915406643633365,0.7677950767915156,0.0041931522290482,64
goss,0.865140153281326,+,0.034316936767589186,5,73,0.5235954661537966,0.03318094425923607,1.0,0.0042862876351194,45
dart,0.96628712770909,+,0.09471173935650991,5,38,0.5673268094232603,0.5351254705445507,0.7422465451631499,0.0043292705126743,428
gbdt,0.8065158205187629,+,0.03387782100834579,5,71,0.8711229229481691,0.3617837322640513,0.7627407112863899,0.0043535955425794,32
goss,0.6162071717206198,+,0.04281531928076346,5,61,0.727725743177325,0.41010395885331374,1.0,0.0043574859805155,2
goss,0.9301339373486708,+,0.034018251495515836,5,97,0.16426041889553206,0.32763308279879877,1.0,0.0043653338013683,135
goss,0.77098534461355,+,0.03211753639521196,5,63,0.7643086888348462,0.49316730462796476,1.0,0.0045698077296006,373
dart,0.9910878122155447,+,0.08499296594410384,5,89,0.7237064024384268,0.16532298865043538,0.6398649873202418,0.0047142180008759,170
goss,0.9553136866845522,+,0.029217642218424236,5,62,0.6421179927697273,0.38608677348427334,1.0,0.0047511913188168,181
dart,0.7277083352851411,+,0.07810338467937009,5,46,0.10211304821862882,0.4069828903291729,0.798096848766821,0.0047881313745651,207
goss,0.8272785974977015,+,0.028445146970962953,5,64,0.762457913928172,0.28204491502293283,1.0,0.0048837480673061,103
dart,0.8371224806851473,+,0.07116917535958883,5,39,0.09215046899048462,0.2424164945620263,0.7619844839875921,0.0049084601291286,350
dart,0.9879909484008039,+,0.07723463709362677,5,56,0.7348963481807363,0.0007242754653712215,0.7831456230318198,0.0049840759949014,464
dart,0.8841078470400199,+,0.06655882628161186,5,42,0.3879179736009989,0.6975826895413808,0.8607958072695803,0.0052022783904224,196
dart,0.8988071641580895,+,0.06596467185474622,5,38,0.6771514924417092,0.055626176878814576,0.6650059968375949,0.0053798421214148,105
goss,0.9931129675286405,+,0.02381499987295861,5,72,0.9393697376027715,0.7340280179855683,1.0,0.0055384534092036,7
dart,0.8225096950484567,+,0.057028989470505796,5,64,0.12470065927231533,0.5158321119303967,0.5625745905758681,0.0059326121642492,17
gbdt,0.8904218419664773,+,0.021223701351053878,5,99,0.4899030756710848,0.45065285656770165,0.5451874772366998,0.0060579923655477,111
gbdt,0.9800095583465686,+,0.018208754560352453,5,58,0.49857943651792497,0.8822812323269289,0.60507965838752,0.0069441257036637,316
gbdt,0.6695966890029563,+,0.028296576356063,5,84,0.013183035637853835,0.5271098077466071,0.8987194012367643,0.0103907907807446,14
goss,0.7412335382111885,+,0.010660946237694757,5,47,0.43802918644092326,0.7995534416071729,1.0,0.0110954972081142,6
goss,0.8488964904373527,+,0.014881539692266329,5,96,0.5948453832551562,0.12488224379271562,1.0,0.0121213265837045,114
goss,0.8872081224782706,+,0.018611935181792664,5,34,0.9187225216693768,0.44483251230115173,1.0,0.0128783969214031,4
goss,0.876444643150869,+,0.017634700678817877,5,38,0.6810391246607139,0.6921104520712689,1.0,0.0130099340704507,18
dart,0.8901970496605878,+,0.01630222062650881,5,43,0.7139368392951775,0.7364992972562671,0.9014993753768634,0.0133247397315164,47
dart,0.9637320412165783,+,0.02378321441387897,5,86,0.687048094742977,0.6298784723344548,0.6880106282171176,0.0144366016276645,334
dart,0.9223701234586534,+,0.013418779568696018,5,89,0.8470466168858561,0.1202810990734994,0.6166168199809471,0.0145824541138486,446
gbdt,0.9023202131343525,+,0.012314998980420912,5,65,0.17187156139656068,0.8123959883573632,0.5477275196074967,0.0148334693832791,5
gbdt,0.9224522799632323,+,0.01012653342596628,5,80,0.19786055884383275,0.16972528050304347,0.8077628660969756,0.0149344291484116,140
dart,0.942655782152404,+,0.011970450782848276,5,56,0.7625054714654226,0.5782623280341302,0.9514995391543654,0.0153063751132959,315
gbdt,0.9580212045249831,+,0.014318068712120857,5,68,0.7343994183691931,0.8063065262590088,0.8543722003061179,0.0180259741434799,221
goss,0.9666133447596965,+,0.023235960549198725,5,81,0.9626778964227696,0.09322303088027659,1.0,0.0180374492386913,55
goss,0.9512487887549347,+,0.020988568692963262,5,67,0.8874437584358974,0.5333229773221176,1.0,0.018103703725163,338
goss,0.9857363915601025,+,0.011645070478310529,5,41,0.854006175927892,0.3186668927819625,1.0,0.0185354380494416,58
